ZipCode,PropertyTax
01001,1.71%
01002,1.53%
01007,1.53%
01013,1.71%
01020,1.71%
01027,1.53%
01028,1.71%
01030,1.71%
01033,1.53%
01035,1.53%
01036,1.71%
01038,1.53%
01039,1.53%
01040,1.71%
01053,1.53%
01056,1.71%
01060,1.53%
01062,1.53%
01066,1.62%
01073,1.53%
01075,1.53%
01077,1.71%
01085,1.71%
01088,1.53%
01089,1.71%
01093,1.62%
01095,1.71%
01104,1.71%
01105,1.71%
01106,1.71%
01107,1.71%
01108,1.71%
01109,1.71%
01118,1.71%
01119,1.71%
01128,1.71%
01129,1.71%
01151,1.71%
01375,1.62%
01432,1.23%
01450,1.23%
01451,1.49%
01460,1.23%
01463,1.23%
01503,1.49%
01504,1.49%
01505,1.49%
01519,1.49%
01529,1.49%
01532,1.49%
01534,1.49%
01536,1.49%
01545,1.49%
01560,1.49%
01568,1.49%
01581,1.49%
01701,1.23%
01702,1.23%
01719,1.23%
01720,1.23%
01721,1.23%
01730,1.23%
01741,1.23%
01742,1.23%
01745,1.49%
01746,1.23%
01747,1.49%
01748,1.23%
01749,1.23%
01752,1.23%
01754,1.23%
01756,1.49%
01757,1.49%
01760,1.23%
01770,1.23%
01772,1.49%
01773,1.23%
01775,1.23%
01776,1.23%
01778,1.23%
01801,1.23%
01803,1.23%
01810,1.25%
01821,1.23%
01824,1.23%
01826,1.23%
01827,1.23%
01830,1.25%
01832,1.25%
01833,1.25%
01834,1.25%
01835,1.25%
01840,1.25%
01841,1.25%
01843,1.25%
01844,1.25%
01845,1.25%
01850,1.23%
01851,1.23%
01852,1.23%
01854,1.23%
01862,1.23%
01863,1.23%
01864,1.23%
01867,1.23%
01876,1.23%
01879,1.23%
01880,1.23%
01886,1.23%
01887,1.23%
01890,1.23%
01901,1.25%
01902,1.25%
01904,1.25%
01905,1.25%
01906,1.25%
01907,1.25%
01908,1.25%
01915,1.25%
01921,1.25%
01923,1.25%
01929,1.25%
01938,1.25%
01940,1.25%
01944,1.25%
01945,1.25%
01949,1.25%
01960,1.25%
01969,1.25%
01970,1.25%
01982,1.25%
01983,1.25%
01984,1.25%
02019,1.24%
02021,1.24%
02025,1.24%
02026,1.24%
02030,1.24%
02032,1.24%
02035,1.24%
02038,1.24%
02043,1.36%
02045,1.36%
02047,1.36%
02048,1.23%
02050,1.36%
02052,1.24%
02053,1.24%
02054,1.24%
02056,1.24%
02061,1.36%
02062,1.24%
02066,1.36%
02067,1.24%
02071,1.24%
02072,1.24%
02081,1.24%
02090,1.24%
02093,1.24%
02108,0.77%
02109,0.77%
02110,0.77%
02111,0.77%
02113,0.77%
02114,0.77%
02115,0.77%
02116,0.77%
02118,0.77%
02119,0.77%
02120,0.77%
02121,0.77%
02122,0.77%
02124,0.77%
02125,0.77%
02126,0.77%
02127,0.77%
02128,0.77%
02129,0.77%
02130,0.77%
02131,0.77%
02132,0.77%
02134,0.77%
02135,0.77%
02136,0.77%
02138,1.23%
02139,1.23%
02140,1.23%
02141,1.23%
02143,1.23%
02144,1.23%
02145,1.23%
02148,1.23%
02149,1.23%
02150,0.77%
02151,0.77%
02152,0.77%
02155,1.23%
02169,1.24%
02170,1.24%
02171,1.24%
02176,1.23%
02180,1.23%
02184,1.24%
02186,1.24%
02188,1.24%
02189,1.24%
02190,1.24%
02191,1.24%
02210,0.77%
02215,0.77%
02301,1.36%
02302,1.36%
02322,1.24%
02332,1.36%
02333,1.36%
02338,1.36%
02339,1.36%
02341,1.36%
02343,1.24%
02351,1.36%
02356,1.23%
02359,1.36%
02368,1.24%
02370,1.36%
02375,1.23%
02379,1.36%
02382,1.36%
02420,1.23%
02421,1.23%
02445,1.24%
02446,1.24%
02451,1.23%
02452,1.23%
02453,1.23%
02458,1.23%
02459,1.23%
02460,1.23%
02461,1.23%
02462,1.23%
02464,1.23%
02465,1.23%
02466,1.23%
02467,1.24%
02468,1.23%
02472,1.23%
02474,1.23%
02476,1.23%
02478,1.23%
02481,1.24%
02482,1.24%
02492,1.24%
02493,1.23%
02494,1.24%
02703,1.23%
02760,1.23%
02762,1.24%
02763,1.23%
02766,1.23%
02838,1.79%
02864,1.79%
02895,1.79%
03051,2.23%
03060,2.23%
03062,2.23%
03063,2.23%
03064,2.23%
03076,2.23%
03079,2.03%
03087,2.03%
06001,2.28%
06002,2.28%
06010,2.28%
06013,2.28%
06016,2.28%
06019,2.28%
06023,2.28%
06026,2.28%
06029,2.17%
06032,2.28%
06033,2.28%
06035,2.28%
06037,2.28%
06040,2.28%
06042,2.28%
06043,2.17%
06051,2.28%
06052,2.28%
06053,2.28%
06062,2.28%
06066,2.17%
06067,2.28%
06070,2.28%
06071,2.17%
06073,2.28%
06074,2.28%
06078,2.28%
06081,2.28%
06082,2.28%
06085,2.28%
06088,2.28%
06089,2.28%
06090,2.28%
06092,2.28%
06093,2.28%
06095,2.28%
06096,2.28%
06105,2.28%
06106,2.28%
06107,2.28%
06108,2.28%
06109,2.28%
06110,2.28%
06111,2.28%
06112,2.28%
06114,2.28%
06117,2.28%
06118,2.28%
06119,2.28%
06120,2.28%
06410,2.33%
06416,1.95%
06447,2.28%
06450,2.33%
06451,2.33%
06479,2.28%
06480,1.95%
06489,2.28%
06492,2.33%
06704,2.33%
06705,2.33%
06706,2.33%
06708,2.33%
06710,2.33%
06712,2.33%
06716,2.33%
06762,2.33%
06770,2.33%
06779,1.92%
06782,1.92%
06786,1.92%
06795,1.92%
06807,1.75%
06820,1.75%
06830,1.75%
06831,1.75%
06840,1.75%
06850,1.75%
06851,1.75%
06853,1.75%
06854,1.75%
06855,1.75%
06870,1.75%
06878,1.75%
06901,1.75%
06902,1.75%
06903,1.75%
06905,1.75%
06906,1.75%
06907,1.75%
07001,2.39%
07002,2.31%
07003,2.68%
07004,2.68%
07005,2.14%
07006,2.68%
07008,2.39%
07009,2.68%
07010,2.18%
07011,2.89%
07012,2.89%
07013,2.89%
07014,2.89%
07016,2.74%
07017,2.68%
07018,2.68%
07020,2.18%
07021,2.68%
07022,2.18%
07023,2.74%
07024,2.18%
07026,2.18%
07027,2.74%
07028,2.68%
07029,2.31%
07030,2.31%
07031,2.18%
07032,2.31%
07033,2.74%
07034,2.14%
07035,2.14%
07036,2.74%
07039,2.68%
07040,2.68%
07041,2.68%
07042,2.68%
07043,2.68%
07044,2.68%
07045,2.14%
07046,2.14%
07047,2.31%
07050,2.68%
07052,2.68%
07054,2.14%
07055,2.89%
07057,2.18%
07058,2.14%
07059,2.20%
07060,2.74%
07062,2.74%
07063,2.74%
07064,2.39%
07065,2.74%
07066,2.74%
07067,2.39%
07068,2.68%
07069,2.20%
07070,2.18%
07071,2.18%
07072,2.18%
07073,2.18%
07074,2.18%
07075,2.18%
07076,2.74%
07077,2.39%
07078,2.68%
07079,2.68%
07080,2.39%
07081,2.74%
07082,2.14%
07083,2.74%
07086,2.31%
07087,2.31%
07088,2.74%
07090,2.74%
07092,2.74%
07093,2.31%
07094,2.31%
07095,2.39%
07102,2.68%
07103,2.68%
07104,2.68%
07105,2.68%
07106,2.68%
07107,2.68%
07108,2.68%
07109,2.68%
07110,2.68%
07111,2.68%
07112,2.68%
07114,2.68%
07201,2.74%
07202,2.74%
07203,2.74%
07204,2.74%
07205,2.74%
07206,2.74%
07208,2.74%
07302,2.31%
07304,2.31%
07305,2.31%
07306,2.31%
07307,2.31%
07310,2.31%
07401,2.18%
07403,2.89%
07405,2.14%
07407,2.18%
07410,2.18%
07417,2.18%
07420,2.89%
07423,2.18%
07424,2.89%
07430,2.18%
07432,2.18%
07436,2.18%
07438,2.14%
07440,2.14%
07442,2.89%
07444,2.14%
07446,2.18%
07450,2.18%
07452,2.18%
07456,2.89%
07457,2.14%
07458,2.18%
07463,2.18%
07465,2.89%
07470,2.89%
07481,2.18%
07501,2.89%
07502,2.89%
07503,2.89%
07504,2.89%
07506,2.89%
07508,2.89%
07512,2.89%
07513,2.89%
07514,2.89%
07522,2.89%
07524,2.89%
07601,2.18%
07603,2.18%
07604,2.18%
07605,2.18%
07606,2.18%
07607,2.18%
07620,2.18%
07621,2.18%
07624,2.18%
07626,2.18%
07627,2.18%
07628,2.18%
07630,2.18%
07631,2.18%
07632,2.18%
07640,2.18%
07641,2.18%
07642,2.18%
07643,2.18%
07644,2.18%
07645,2.18%
07646,2.18%
07647,2.18%
07648,2.18%
07649,2.18%
07650,2.18%
07652,2.18%
07656,2.18%
07657,2.18%
07660,2.18%
07661,2.18%
07662,2.18%
07663,2.18%
07666,2.18%
07670,2.18%
07675,2.18%
07676,2.18%
07677,2.18%
07701,2.07%
07702,2.07%
07704,2.07%
07711,2.07%
07712,2.07%
07716,2.07%
07717,2.07%
07718,2.07%
07719,2.07%
07720,2.07%
07721,2.07%
07722,2.07%
07723,2.07%
07724,2.07%
07726,2.07%
07727,2.07%
07728,2.07%
07730,2.07%
07732,2.07%
07733,2.07%
07734,2.07%
07735,2.07%
07737,2.07%
07738,2.07%
07739,2.07%
07740,2.07%
07746,2.07%
07747,2.07%
07748,2.07%
07750,2.07%
07751,2.07%
07753,2.07%
07755,2.07%
07756,2.07%
07757,2.07%
07758,2.07%
07760,2.07%
07762,2.07%
07764,2.07%
07801,2.14%
07803,2.14%
07828,2.14%
07834,2.14%
07836,2.14%
07843,2.72%
07847,2.14%
07849,2.14%
07850,2.14%
07852,2.14%
07856,2.14%
07857,2.14%
07866,2.14%
07869,2.14%
07871,2.72%
07874,2.72%
07876,2.14%
07878,2.14%
07885,2.14%
07901,2.74%
07920,2.20%
07921,2.20%
07922,2.74%
07924,2.20%
07926,2.14%
07927,2.14%
07928,2.14%
07930,2.14%
07931,2.20%
07932,2.14%
07933,2.14%
07935,2.14%
07936,2.14%
07940,2.14%
07945,2.14%
07946,2.14%
07950,2.14%
07960,2.14%
07974,2.74%
07976,2.14%
07980,2.14%
07981,2.14%
08002,3.46%
08003,3.46%
08004,3.46%
08007,3.46%
08009,3.46%
08010,2.72%
08012,3.46%
08014,3.12%
08016,2.72%
08021,3.46%
08026,3.46%
08027,3.12%
08029,3.46%
08030,3.46%
08031,3.46%
08033,3.46%
08034,3.46%
08035,3.46%
08036,2.72%
08043,3.46%
08045,3.46%
08046,2.72%
08048,2.72%
08049,3.46%
08052,2.72%
08053,2.72%
08054,2.72%
08055,2.72%
08057,2.72%
08059,3.46%
08060,2.72%
08061,3.12%
08063,3.12%
08065,2.72%
08066,3.12%
08067,3.02%
08070,3.02%
08075,2.72%
08077,2.72%
08078,3.46%
08081,3.46%
08083,3.46%
08084,3.46%
08086,3.12%
08089,3.46%
08090,3.12%
08091,3.46%
08093,3.12%
08096,3.12%
08097,3.12%
08102,3.46%
08103,3.46%
08104,3.46%
08105,3.46%
08106,3.46%
08107,3.46%
08108,3.46%
08109,3.46%
08110,3.46%
08502,2.20%
08505,2.72%
08512,2.63%
08520,2.63%
08525,2.63%
08528,2.20%
08536,2.39%
08540,2.63%
08542,2.63%
08553,2.20%
08558,2.20%
08561,2.63%
08609,2.63%
08610,2.63%
08611,2.63%
08618,2.63%
08620,2.63%
08628,2.63%
08629,2.63%
08638,2.63%
08648,2.63%
08801,2.33%
08805,2.20%
08807,2.20%
08810,2.39%
08812,2.39%
08816,2.39%
08817,2.39%
08820,2.39%
08822,2.33%
08823,2.20%
08824,2.39%
08828,2.39%
08830,2.39%
08831,2.39%
08832,2.39%
08833,2.33%
08835,2.20%
08836,2.20%
08837,2.39%
08840,2.39%
08844,2.20%
08846,2.39%
08850,2.39%
08852,2.39%
08853,2.20%
08854,2.39%
08857,2.39%
08859,2.39%
08861,2.39%
08863,2.39%
08869,2.20%
08872,2.39%
08873,2.20%
08876,2.20%
08879,2.39%
08880,2.20%
08882,2.39%
08884,2.39%
08887,2.33%
08889,2.33%
08901,2.39%
08902,2.39%
08904,2.39%
10001,0.95%
10002,0.95%
10003,0.95%
10004,0.95%
10005,0.95%
10006,0.95%
10007,0.95%
10009,0.95%
10010,0.95%
10011,0.95%
10012,0.95%
10013,0.95%
10014,0.95%
10016,0.95%
10017,0.95%
10018,0.95%
10019,0.95%
10021,0.95%
10022,0.95%
10023,0.95%
10024,0.95%
10025,0.95%
10026,0.95%
10027,0.95%
10028,0.95%
10029,0.95%
10030,0.95%
10031,0.95%
10032,0.95%
10033,0.95%
10034,0.95%
10035,0.95%
10036,0.95%
10037,0.95%
10038,0.95%
10065,0.95%
10069,0.95%
10075,0.95%
10128,0.95%
10280,0.95%
10282,0.95%
10301,0.92%
10302,0.92%
10303,0.92%
10304,0.92%
10305,0.92%
10306,0.92%
10307,0.92%
10308,0.92%
10309,0.92%
10310,0.92%
10312,0.92%
10314,0.92%
10451,0.98%
10452,0.98%
10453,0.98%
10454,0.98%
10455,0.98%
10456,0.98%
10457,0.98%
10458,0.98%
10459,0.98%
10460,0.98%
10461,0.98%
10462,0.98%
10463,0.98%
10464,0.98%
10465,0.98%
10466,0.98%
10467,0.98%
10468,0.98%
10469,0.98%
10470,0.98%
10471,0.98%
10472,0.98%
10473,0.98%
10474,0.98%
10475,0.98%
10501,1.89%
10502,1.89%
10504,1.89%
10506,1.89%
10507,1.89%
10510,1.89%
10514,1.89%
10520,1.89%
10522,1.89%
10523,1.89%
10528,1.89%
10530,1.89%
10532,1.89%
10533,1.89%
10536,1.89%
10538,1.89%
10543,1.89%
10546,1.89%
10549,1.89%
10550,1.89%
10552,1.89%
10553,1.89%
10562,1.89%
10570,1.89%
10573,1.89%
10576,1.89%
10577,1.89%
10580,1.89%
10583,1.89%
10591,1.89%
10598,1.89%
10601,1.89%
10603,1.89%
10604,1.89%
10605,1.89%
10606,1.89%
10607,1.89%
10701,1.89%
10703,1.89%
10704,1.89%
10705,1.89%
10706,1.89%
10707,1.89%
10708,1.89%
10709,1.89%
10710,1.89%
10801,1.89%
10803,1.89%
10804,1.89%
10805,1.89%
10901,2.30%
10913,2.30%
10920,2.30%
10923,2.30%
10927,2.30%
10931,2.30%
10952,2.30%
10954,2.30%
10956,2.30%
10960,2.30%
10962,2.30%
10964,2.30%
10965,2.30%
10968,2.30%
10970,2.30%
10974,2.30%
10976,2.30%
10977,2.30%
10980,2.30%
10983,2.30%
10984,2.30%
10989,2.30%
10993,2.30%
10994,2.30%
11001,2.11%
11003,2.11%
11004,0.88%
11010,2.11%
11020,2.11%
11021,2.11%
11023,2.11%
11024,2.11%
11030,2.11%
11040,2.11%
11050,2.11%
11096,2.11%
11101,0.88%
11102,0.88%
11103,0.88%
11104,0.88%
11105,0.88%
11106,0.88%
11201,0.66%
11203,0.66%
11204,0.66%
11205,0.66%
11206,0.66%
11207,0.66%
11208,0.66%
11209,0.66%
11210,0.66%
11211,0.66%
11212,0.66%
11213,0.66%
11214,0.66%
11215,0.66%
11216,0.66%
11217,0.66%
11218,0.66%
11219,0.66%
11220,0.66%
11221,0.66%
11222,0.66%
11223,0.66%
11224,0.66%
11225,0.66%
11226,0.66%
11228,0.66%
11229,0.66%
11230,0.66%
11231,0.66%
11232,0.66%
11233,0.66%
11234,0.66%
11235,0.66%
11236,0.66%
11237,0.66%
11238,0.66%
11354,0.88%
11355,0.88%
11356,0.88%
11357,0.88%
11358,0.88%
11360,0.88%
11361,0.88%
11362,0.88%
11363,0.88%
11364,0.88%
11365,0.88%
11366,0.88%
11367,0.88%
11368,0.88%
11369,0.88%
11370,0.88%
11372,0.88%
11373,0.88%
11374,0.88%
11375,0.88%
11377,0.88%
11378,0.88%
11379,0.88%
11385,0.88%
11411,0.88%
11412,0.88%
11413,0.88%
11414,0.88%
11415,0.88%
11416,0.88%
11417,0.88%
11418,0.88%
11419,0.88%
11420,0.88%
11421,0.88%
11422,0.88%
11423,0.88%
11426,0.88%
11427,0.88%
11428,0.88%
11429,0.88%
11430,0.88%
11432,0.88%
11433,0.88%
11434,0.88%
11435,0.88%
11436,0.88%
11501,2.11%
11507,2.11%
11509,2.11%
11510,2.11%
11514,2.11%
11516,2.11%
11518,2.11%
11520,2.11%
11530,2.11%
11542,2.11%
11545,2.11%
11547,2.11%
11548,2.11%
11550,2.11%
11552,2.11%
11553,2.11%
11554,2.11%
11557,2.11%
11558,2.11%
11559,2.11%
11560,2.11%
11561,2.11%
11563,2.11%
11565,2.11%
11566,2.11%
11568,2.11%
11569,2.11%
11570,2.11%
11572,2.11%
11575,2.11%
11576,2.11%
11577,2.11%
11579,2.11%
11580,2.11%
11581,2.11%
11590,2.11%
11596,2.11%
11598,2.11%
11691,0.88%
11692,0.88%
11693,0.88%
11694,0.88%
11701,2.37%
11702,2.37%
11703,2.37%
11704,2.37%
11706,2.37%
11709,2.11%
11710,2.11%
11714,2.11%
11716,2.37%
11717,2.37%
11718,2.37%
11721,2.37%
11722,2.37%
11724,2.37%
11725,2.37%
11726,2.37%
11729,2.37%
11730,2.37%
11731,2.37%
11732,2.11%
11735,2.11%
11739,2.37%
11740,2.37%
11743,2.37%
11746,2.37%
11747,2.37%
11749,2.37%
11751,2.37%
11752,2.37%
11753,2.11%
11754,2.37%
11756,2.11%
11757,2.37%
11758,2.11%
11762,2.11%
11765,2.11%
11767,2.37%
11768,2.37%
11769,2.37%
11771,2.11%
11779,2.37%
11780,2.37%
11782,2.37%
11783,2.11%
11787,2.37%
11788,2.37%
11791,2.11%
11793,2.11%
11795,2.37%
11796,2.37%
11797,2.11%
11798,2.37%
11801,2.11%
11803,2.11%
11804,2.11%
15003,1.69%
15005,1.69%
15006,2.01%
15007,2.01%
15015,2.01%
15017,2.01%
15020,2.01%
15024,2.01%
15025,2.01%
15027,1.69%
15028,2.01%
15031,2.01%
15034,2.01%
15035,2.01%
15042,1.69%
15044,2.01%
15045,2.01%
15046,2.01%
15047,2.01%
15049,2.01%
15051,2.01%
15055,1.19%
15056,2.01%
15057,1.19%
15060,1.19%
15061,1.69%
15064,2.01%
15071,2.01%
15074,1.69%
15081,1.69%
15082,2.01%
15086,2.01%
15088,2.01%
15090,2.01%
15101,2.01%
15102,2.01%
15104,2.01%
15106,2.01%
15108,2.01%
15110,2.01%
15112,2.01%
15116,2.01%
15120,2.01%
15122,2.01%
15126,2.01%
15129,2.01%
15131,2.01%
15132,2.01%
15133,2.01%
15135,2.01%
15136,2.01%
15137,2.01%
15139,2.01%
15140,2.01%
15142,2.01%
15143,2.01%
15144,2.01%
15145,2.01%
15146,2.01%
15147,2.01%
15148,2.01%
15201,2.01%
15202,2.01%
15203,2.01%
15204,2.01%
15205,2.01%
15206,2.01%
15207,2.01%
15208,2.01%
15209,2.01%
15210,2.01%
15211,2.01%
15212,2.01%
15213,2.01%
15214,2.01%
15215,2.01%
15216,2.01%
15217,2.01%
15218,2.01%
15219,2.01%
15220,2.01%
15221,2.01%
15222,2.01%
15223,2.01%
15224,2.01%
15226,2.01%
15227,2.01%
15228,2.01%
15229,2.01%
15232,2.01%
15233,2.01%
15234,2.01%
15235,2.01%
15236,2.01%
15237,2.01%
15238,2.01%
15239,2.01%
15241,2.01%
15243,2.01%
15317,1.19%
15321,1.19%
15332,1.19%
15350,1.19%
15363,1.19%
15367,1.19%
16033,1.27%
16046,1.27%
16059,1.27%
16063,1.27%
16066,1.27%
18074,1.56%
18901,1.55%
18914,1.55%
18915,1.56%
18917,1.55%
18923,1.55%
18925,1.55%
18929,1.55%
18932,1.55%
18940,1.55%
18944,1.55%
18954,1.55%
18960,1.55%
18962,1.55%
18964,1.56%
18966,1.55%
18969,1.56%
18974,1.55%
18976,1.55%
18980,1.55%
19001,1.56%
19002,1.56%
19003,2.12%
19004,1.56%
19006,1.56%
19008,2.12%
19009,1.56%
19010,2.12%
19012,1.56%
19013,2.12%
19014,2.12%
19015,2.12%
19017,2.12%
19018,2.12%
19020,1.55%
19021,1.55%
19022,2.12%
19023,2.12%
19025,1.56%
19026,2.12%
19027,1.56%
19029,2.12%
19031,1.56%
19032,2.12%
19033,2.12%
19034,1.56%
19035,1.56%
19036,2.12%
19038,1.56%
19040,1.56%
19041,2.12%
19043,2.12%
19044,1.56%
19046,1.56%
19047,1.55%
19050,2.12%
19053,1.55%
19060,2.12%
19061,2.12%
19063,2.12%
19064,2.12%
19066,1.56%
19067,1.55%
19070,2.12%
19072,1.56%
19073,2.12%
19074,2.12%
19075,1.56%
19076,2.12%
19078,2.12%
19079,2.12%
19081,2.12%
19082,2.12%
19083,2.12%
19085,2.12%
19086,2.12%
19087,1.49%
19090,1.56%
19094,2.12%
19095,1.56%
19096,1.56%
19102,0.99%
19103,0.99%
19104,0.99%
19106,0.99%
19107,0.99%
19111,0.99%
19114,0.99%
19115,0.99%
19116,0.99%
19118,0.99%
19119,0.99%
19120,0.99%
19121,0.99%
19122,0.99%
19123,0.99%
19124,0.99%
19125,0.99%
19126,0.99%
19127,0.99%
19128,0.99%
19129,0.99%
19130,0.99%
19131,0.99%
19132,0.99%
19133,0.99%
19134,0.99%
19135,0.99%
19136,0.99%
19137,0.99%
19138,0.99%
19139,0.99%
19140,0.99%
19141,0.99%
19142,0.99%
19143,0.99%
19144,0.99%
19145,0.99%
19146,0.99%
19147,0.99%
19148,0.99%
19149,0.99%
19150,0.99%
19151,0.99%
19152,0.99%
19153,0.99%
19154,0.99%
19301,1.49%
19312,1.49%
19317,2.12%
19319,2.12%
19333,1.49%
19335,1.49%
19341,1.49%
19342,2.12%
19343,1.49%
19348,1.49%
19350,1.49%
19355,1.49%
19372,1.49%
19373,2.12%
19380,1.49%
19382,1.49%
19401,1.56%
19403,1.56%
19405,1.56%
19406,1.56%
19422,1.56%
19425,1.49%
19426,1.56%
19428,1.56%
19435,1.56%
19437,1.56%
19438,1.56%
19440,1.56%
19444,1.56%
19446,1.56%
19453,1.56%
19454,1.56%
19456,1.56%
19460,1.49%
19462,1.56%
19464,1.56%
19465,1.49%
19468,1.56%
19472,1.56%
19473,1.56%
19474,1.56%
19475,1.49%
19477,1.56%
19492,1.56%
19525,1.56%
19701,0.74%
19702,0.74%
19703,0.74%
19706,0.74%
19707,0.74%
19711,0.74%
19713,0.74%
19720,0.74%
19732,0.74%
19733,0.74%
19736,0.74%
19801,0.74%
19802,0.74%
19803,0.74%
19804,0.74%
19805,0.74%
19806,0.74%
19807,0.74%
19808,0.74%
19809,0.74%
19810,0.74%
20001,0.55%
20002,0.55%
20003,0.55%
20005,0.55%
20007,0.55%
20008,0.55%
20009,0.55%
20010,0.55%
20011,0.55%
20012,0.55%
20015,0.55%
20016,0.55%
20017,0.55%
20018,0.55%
20019,0.55%
20020,0.55%
20024,0.55%
20032,0.55%
20036,0.55%
20037,0.55%
20052,0.55%
20105,1.08%
20109,1.05%
20110,1.13%
20111,1.27%
20112,1.05%
20120,1.03%
20121,1.03%
20124,1.03%
20129,1.08%
20136,1.05%
20143,1.05%
20147,1.08%
20148,1.08%
20151,1.03%
20152,1.08%
20155,1.05%
20158,1.08%
20164,1.08%
20165,1.08%
20166,1.08%
20169,1.05%
20170,1.03%
20171,1.03%
20175,1.08%
20176,1.08%
20181,1.05%
20190,1.03%
20191,1.03%
20194,1.03%
20197,1.08%
20601,1.18%
20602,1.18%
20603,1.18%
20607,1.29%
20613,1.29%
20616,1.18%
20617,1.18%
20623,1.29%
20640,1.18%
20658,1.18%
20675,1.18%
20695,1.18%
20705,1.29%
20706,1.29%
20707,1.29%
20708,1.29%
20710,1.29%
20712,1.29%
20715,1.29%
20716,1.29%
20720,1.29%
20721,1.29%
20722,1.29%
20723,1.25%
20724,0.87%
20735,1.29%
20737,1.29%
20740,1.29%
20743,1.29%
20744,1.29%
20745,1.29%
20746,1.29%
20747,1.29%
20748,1.29%
20759,1.25%
20763,1.25%
20765,0.87%
20769,1.29%
20770,1.29%
20772,1.29%
20774,1.29%
20776,0.87%
20777,1.25%
20781,1.29%
20782,1.29%
20783,1.29%
20784,1.29%
20785,1.29%
20794,1.25%
20812,0.94%
20814,0.94%
20815,0.94%
20816,0.94%
20817,0.94%
20818,0.94%
20832,0.94%
20833,0.94%
20837,0.94%
20838,0.94%
20839,0.94%
20841,0.94%
20842,0.94%
20850,0.94%
20851,0.94%
20852,0.94%
20853,0.94%
20854,0.94%
20855,0.94%
20860,0.94%
20861,0.94%
20862,0.94%
20866,0.94%
20868,0.94%
20871,0.94%
20872,0.94%
20874,0.94%
20876,0.94%
20877,0.94%
20878,0.94%
20879,0.94%
20880,0.94%
20882,0.94%
20886,0.94%
20895,0.94%
20896,0.94%
20901,0.94%
20902,0.94%
20903,0.94%
20904,0.94%
20905,0.94%
20906,0.94%
20910,0.94%
20912,0.94%
21012,0.87%
21029,1.25%
21030,1.17%
21032,0.87%
21035,0.87%
21036,1.25%
21037,0.87%
21040,1.08%
21042,1.25%
21043,1.25%
21044,1.25%
21045,1.25%
21046,1.25%
21048,1.01%
21051,1.17%
21052,1.17%
21054,0.87%
21056,0.87%
21057,1.17%
21060,0.87%
21061,0.87%
21071,1.17%
21075,1.25%
21076,0.87%
21077,0.87%
21082,1.17%
21085,1.08%
21087,1.17%
21090,0.87%
21093,1.17%
21104,1.25%
21108,0.87%
21113,0.87%
21114,0.87%
21117,1.17%
21122,0.87%
21128,1.17%
21131,1.17%
21133,1.17%
21136,1.17%
21140,0.87%
21144,0.87%
21146,0.87%
21153,1.17%
21156,1.17%
21162,1.17%
21163,1.25%
21201,1.72%
21202,1.72%
21204,1.17%
21205,1.72%
21206,1.72%
21207,1.17%
21208,1.17%
21209,1.72%
21210,1.72%
21211,1.72%
21212,1.72%
21213,1.72%
21214,1.72%
21215,1.72%
21216,1.72%
21217,1.72%
21218,1.72%
21219,1.17%
21220,1.17%
21221,1.17%
21222,1.17%
21223,1.72%
21224,1.72%
21225,0.87%
21226,1.72%
21227,1.17%
21228,1.17%
21229,1.72%
21230,1.72%
21231,1.72%
21234,1.17%
21236,1.17%
21237,1.17%
21239,1.72%
21244,1.17%
21286,1.17%
21401,0.87%
21403,0.87%
21405,0.87%
21409,0.87%
21701,1.13%
21703,1.13%
21704,1.13%
21710,1.13%
21717,1.13%
21737,1.25%
21738,1.25%
21754,1.13%
21755,1.13%
21769,1.13%
21770,1.13%
21774,1.13%
21793,1.13%
21794,1.25%
21920,1.10%
22003,1.03%
22015,1.03%
22025,1.05%
22026,1.05%
22027,1.03%
22030,1.03%
22031,1.03%
22032,1.03%
22033,1.03%
22039,1.03%
22041,1.03%
22042,1.03%
22043,1.03%
22044,1.03%
22046,1.20%
22060,1.03%
22066,1.03%
22079,1.03%
22101,1.03%
22102,1.03%
22124,1.03%
22125,1.05%
22134,1.05%
22150,1.03%
22151,1.03%
22152,1.03%
22153,1.03%
22172,1.05%
22180,1.03%
22181,1.03%
22182,1.03%
22191,1.05%
22192,1.05%
22193,1.05%
22201,0.90%
22202,0.90%
22203,0.90%
22204,0.90%
22205,0.90%
22206,0.90%
22207,0.90%
22209,0.90%
22213,0.90%
22301,0.98%
22302,0.98%
22303,1.03%
22304,0.98%
22305,0.98%
22306,1.03%
22307,1.03%
22308,1.03%
22309,1.03%
22310,1.03%
22311,0.98%
22312,1.03%
22314,0.98%
22315,1.03%
22620,0.64%
22663,0.53%
27502,0.88%
27503,1.18%
27510,1.19%
27511,0.88%
27513,0.88%
27514,1.19%
27516,1.19%
27517,1.19%
27518,0.88%
27519,0.88%
27523,0.88%
27529,0.88%
27539,0.88%
27540,0.88%
27545,0.88%
27560,0.88%
27562,0.75%
27587,0.88%
27601,0.88%
27603,0.88%
27604,0.88%
27605,0.88%
27606,0.88%
27607,0.88%
27608,0.88%
27609,0.88%
27610,0.88%
27612,0.88%
27613,0.88%
27614,0.88%
27615,0.88%
27616,0.88%
27617,0.88%
27701,1.18%
27703,1.18%
27704,1.18%
27705,1.18%
27707,1.18%
27712,1.18%
27713,1.18%
28027,0.90%
28031,1.05%
28036,1.05%
28037,0.78%
28075,0.90%
28078,1.05%
28079,0.82%
28104,0.82%
28105,1.05%
28108,0.82%
28115,0.72%
28117,0.72%
28125,0.87%
28134,1.05%
28166,0.72%
28173,0.82%
28202,1.05%
28203,1.05%
28204,1.05%
28205,1.05%
28206,1.05%
28207,1.05%
28208,1.05%
28209,1.05%
28210,1.05%
28211,1.05%
28212,1.05%
28213,1.05%
28214,1.05%
28215,1.05%
28216,1.05%
28217,1.05%
28226,1.05%
28227,1.05%
28262,1.05%
28269,1.05%
28270,1.05%
28273,1.05%
28277,1.05%
28278,1.05%
28682,0.72%
29707,0.55%
29708,0.62%
29715,0.62%
30002,1.07%
30004,1.00%
30005,1.00%
30008,0.72%
30009,1.00%
30021,1.07%
30022,1.00%
30024,1.19%
30030,1.07%
30032,1.07%
30033,1.07%
30034,1.07%
30035,1.07%
30043,1.19%
30044,1.19%
30045,1.19%
30046,1.19%
30047,1.19%
30060,0.72%
30062,0.72%
30064,0.72%
30066,0.72%
30067,0.72%
30068,0.72%
30071,1.19%
30072,1.07%
30075,1.00%
30076,1.00%
30078,1.19%
30079,1.07%
30080,0.72%
30082,0.72%
30083,1.07%
30084,1.07%
30087,1.07%
30088,1.07%
30092,1.19%
30093,1.19%
30096,1.19%
30097,1.19%
30101,0.72%
30102,0.75%
30106,0.72%
30126,0.72%
30127,0.72%
30144,0.72%
30152,0.72%
30168,0.72%
30188,0.75%
30189,0.75%
30214,0.92%
30215,0.92%
30236,1.06%
30238,1.06%
30260,1.06%
30265,0.87%
30268,1.00%
30269,0.92%
30273,1.06%
30274,1.06%
30276,0.87%
30277,0.87%
30281,1.04%
30288,1.07%
30290,0.92%
30294,1.04%
30296,1.06%
30297,1.06%
30303,1.00%
30305,1.00%
30306,1.00%
30307,1.07%
30308,1.00%
30309,1.00%
30310,1.00%
30311,1.00%
30312,1.00%
30313,1.00%
30314,1.00%
30315,1.00%
30316,1.07%
30317,1.07%
30318,1.00%
30319,1.07%
30324,1.00%
30326,1.00%
30327,1.00%
30328,1.00%
30329,1.07%
30331,1.00%
30337,1.00%
30338,1.07%
30339,0.72%
30340,1.07%
30341,1.07%
30342,1.00%
30344,1.00%
30345,1.07%
30346,1.07%
30349,1.00%
30350,1.00%
30354,1.00%
30360,1.07%
32003,0.85%
32065,0.85%
32073,0.85%
32081,0.88%
32082,0.88%
32202,0.94%
32204,0.94%
32205,0.94%
32206,0.94%
32207,0.94%
32210,0.94%
32211,0.94%
32216,0.94%
32217,0.94%
32220,0.94%
32221,0.94%
32222,0.94%
32223,0.94%
32224,0.94%
32225,0.94%
32233,0.94%
32244,0.94%
32246,0.94%
32250,0.94%
32254,0.94%
32256,0.94%
32257,0.94%
32258,0.94%
32259,0.88%
32266,0.94%
32277,0.94%
32701,0.88%
32703,0.96%
32707,0.88%
32708,0.88%
32712,0.96%
32714,0.88%
32730,0.88%
32746,0.88%
32750,0.88%
32751,0.96%
32765,0.88%
32773,0.88%
32779,0.88%
32789,0.96%
32792,0.96%
32801,0.96%
32803,0.96%
32804,0.96%
32805,0.96%
32806,0.96%
32807,0.96%
32808,0.96%
32809,0.96%
32810,0.96%
32811,0.96%
32812,0.96%
32814,0.96%
32817,0.96%
32818,0.96%
32819,0.96%
32821,0.96%
32822,0.96%
32824,0.96%
32825,0.96%
32826,0.96%
32827,0.96%
32828,0.96%
32829,0.96%
32835,0.96%
32836,0.96%
32837,0.96%
32839,0.96%
33004,1.07%
33009,1.07%
33010,0.97%
33012,0.97%
33013,0.97%
33014,0.97%
33015,0.97%
33016,0.97%
33018,0.97%
33019,1.07%
33020,1.07%
33021,1.07%
33023,1.07%
33024,1.07%
33025,1.07%
33026,1.07%
33027,1.07%
33028,1.07%
33029,1.07%
33032,0.97%
33054,0.97%
33055,0.97%
33056,0.97%
33060,1.07%
33062,1.07%
33063,1.07%
33064,1.07%
33065,1.07%
33066,1.07%
33067,1.07%
33068,1.07%
33069,1.07%
33071,1.07%
33073,1.07%
33076,1.07%
33109,0.97%
33125,0.97%
33126,0.97%
33127,0.97%
33128,0.97%
33129,0.97%
33130,0.97%
33131,0.97%
33132,0.97%
33133,0.97%
33134,0.97%
33135,0.97%
33136,0.97%
33137,0.97%
33138,0.97%
33139,0.97%
33140,0.97%
33141,0.97%
33142,0.97%
33143,0.97%
33144,0.97%
33145,0.97%
33146,0.97%
33147,0.97%
33149,0.97%
33150,0.97%
33154,0.97%
33155,0.97%
33156,0.97%
33157,0.97%
33158,0.97%
33160,0.97%
33161,0.97%
33162,0.97%
33165,0.97%
33166,0.97%
33167,0.97%
33168,0.97%
33169,0.97%
33170,0.97%
33172,0.97%
33173,0.97%
33174,0.97%
33175,0.97%
33176,0.97%
33177,0.97%
33178,0.97%
33179,0.97%
33180,0.97%
33181,0.97%
33182,0.97%
33183,0.97%
33184,0.97%
33185,0.97%
33186,0.97%
33187,0.97%
33189,0.97%
33190,0.97%
33193,0.97%
33196,0.97%
33301,1.07%
33304,1.07%
33305,1.07%
33306,1.07%
33308,1.07%
33309,1.07%
33311,1.07%
33312,1.07%
33313,1.07%
33314,1.07%
33315,1.07%
33316,1.07%
33317,1.07%
33319,1.07%
33321,1.07%
33322,1.07%
33323,1.07%
33324,1.07%
33325,1.07%
33326,1.07%
33327,1.07%
33328,1.07%
33330,1.07%
33331,1.07%
33332,1.07%
33334,1.07%
33351,1.07%
33401,1.06%
33403,1.06%
33404,1.06%
33405,1.06%
33406,1.06%
33407,1.06%
33408,1.06%
33409,1.06%
33410,1.06%
33411,1.06%
33412,1.06%
33413,1.06%
33414,1.06%
33415,1.06%
33417,1.06%
33418,1.06%
33426,1.06%
33428,1.06%
33431,1.06%
33432,1.06%
33433,1.06%
33434,1.06%
33435,1.06%
33436,1.06%
33437,1.06%
33441,1.07%
33442,1.07%
33444,1.06%
33445,1.06%
33446,1.06%
33449,1.06%
33458,1.06%
33460,1.06%
33461,1.06%
33462,1.06%
33463,1.06%
33467,1.06%
33469,1.06%
33470,1.06%
33472,1.06%
33473,1.06%
33477,1.06%
33478,1.06%
33480,1.06%
33483,1.06%
33484,1.06%
33486,1.06%
33487,1.06%
33496,1.06%
33498,1.06%
33510,0.98%
33511,0.98%
33527,0.98%
33534,0.98%
33543,0.90%
33544,0.90%
33545,0.90%
33548,0.98%
33549,0.98%
33556,0.98%
33558,0.98%
33559,0.98%
33569,0.98%
33578,0.98%
33579,0.98%
33584,0.98%
33592,0.98%
33594,0.98%
33596,0.98%
33602,0.98%
33603,0.98%
33604,0.98%
33605,0.98%
33606,0.98%
33607,0.98%
33609,0.98%
33610,0.98%
33611,0.98%
33612,0.98%
33613,0.98%
33614,0.98%
33615,0.98%
33616,0.98%
33617,0.98%
33618,0.98%
33619,0.98%
33624,0.98%
33625,0.98%
33626,0.98%
33629,0.98%
33634,0.98%
33635,0.98%
33637,0.98%
33647,0.98%
33701,0.90%
33702,0.90%
33703,0.90%
33704,0.90%
33705,0.90%
33706,0.90%
33707,0.90%
33709,0.90%
33710,0.90%
33711,0.90%
33712,0.90%
33713,0.90%
33714,0.90%
33715,0.90%
33716,0.90%
33755,0.90%
33756,0.90%
33759,0.90%
33760,0.90%
33761,0.90%
33762,0.90%
33763,0.90%
33764,0.90%
33765,0.90%
33767,0.90%
33770,0.90%
33771,0.90%
33772,0.90%
33773,0.90%
33774,0.90%
33776,0.90%
33777,0.90%
33778,0.90%
33781,0.90%
33782,0.90%
33785,0.90%
33786,0.90%
33901,0.95%
33904,0.95%
33905,0.95%
33907,0.95%
33908,0.95%
33912,0.95%
33913,0.95%
33914,0.95%
33916,0.95%
33919,0.95%
33928,0.95%
33931,0.95%
33966,0.95%
33967,0.95%
33973,0.95%
33976,0.95%
33990,0.95%
34102,0.69%
34103,0.69%
34104,0.69%
34105,0.69%
34108,0.69%
34109,0.69%
34110,0.69%
34112,0.69%
34116,0.69%
34119,0.69%
34134,0.95%
34135,0.95%
34203,0.86%
34205,0.86%
34207,0.86%
34208,0.86%
34209,0.86%
34210,0.86%
34212,0.86%
34219,0.86%
34221,0.86%
34222,0.86%
34637,0.90%
34638,0.90%
34639,0.90%
34677,0.90%
34681,0.90%
34683,0.90%
34684,0.90%
34685,0.90%
34688,0.90%
34689,0.90%
34695,0.90%
34698,0.90%
34734,0.96%
34741,0.90%
34743,0.90%
34744,0.90%
34761,0.96%
34786,0.96%
34787,0.96%
37013,0.82%
37027,0.55%
37064,0.55%
37067,0.55%
37069,0.55%
37115,0.82%
37135,0.55%
37143,0.65%
37179,0.55%
37189,0.82%
37203,0.82%
37204,0.82%
37205,0.82%
37206,0.82%
37207,0.82%
37208,0.82%
37209,0.82%
37210,0.82%
37211,0.82%
37212,0.82%
37214,0.82%
37215,0.82%
37216,0.82%
37217,0.82%
37218,0.82%
37220,0.82%
37221,0.82%
38002,1.42%
38016,1.42%
38017,1.42%
38018,1.42%
38028,1.42%
38103,1.42%
38104,1.42%
38105,1.42%
38106,1.42%
38107,1.42%
38108,1.42%
38111,1.42%
38112,1.42%
38114,1.42%
38115,1.42%
38116,1.42%
38117,1.42%
38118,1.42%
38119,1.42%
38120,1.42%
38122,1.42%
38125,1.42%
38126,1.42%
38128,1.42%
38133,1.42%
38134,1.42%
38135,1.42%
38138,1.42%
38139,1.42%
38141,1.42%
38654,0.77%
41005,0.95%
41011,1.13%
41014,1.13%
41015,1.13%
41016,1.13%
41017,1.13%
41018,1.13%
41042,0.95%
41048,0.95%
41051,1.13%
41071,1.17%
41073,1.17%
41074,1.17%
41075,1.17%
41076,1.17%
41085,1.17%
41091,0.95%
41094,0.95%
43004,2.05%
43016,2.05%
43017,2.05%
43021,1.82%
43026,2.05%
43035,1.82%
43054,2.05%
43064,1.31%
43065,1.82%
43068,2.05%
43077,1.44%
43081,2.05%
43082,1.82%
43085,2.05%
43119,2.05%
43123,2.05%
43201,2.05%
43202,2.05%
43203,2.05%
43204,2.05%
43205,2.05%
43206,2.05%
43207,2.05%
43209,2.05%
43211,2.05%
43212,2.05%
43213,2.05%
43214,2.05%
43215,2.05%
43219,2.05%
43220,2.05%
43221,2.05%
43222,2.05%
43223,2.05%
43224,2.05%
43227,2.05%
43228,2.05%
43229,2.05%
43230,2.05%
43231,2.05%
43232,2.05%
43235,2.05%
43240,1.82%
43611,2.02%
44011,1.69%
44012,1.69%
44017,2.44%
44022,2.44%
44026,1.56%
44028,1.69%
44035,1.69%
44039,1.69%
44040,2.44%
44052,1.69%
44054,1.69%
44055,1.69%
44056,1.81%
44067,1.81%
44070,2.44%
44072,1.56%
44087,1.81%
44092,1.79%
44094,1.79%
44095,1.79%
44102,2.44%
44103,2.44%
44104,2.44%
44105,2.44%
44106,2.44%
44107,2.44%
44108,2.44%
44109,2.44%
44110,2.44%
44111,2.44%
44112,2.44%
44113,2.44%
44114,2.44%
44115,2.44%
44116,2.44%
44117,2.44%
44118,2.44%
44119,2.44%
44120,2.44%
44121,2.44%
44122,2.44%
44123,2.44%
44124,2.44%
44125,2.44%
44126,2.44%
44127,2.44%
44128,2.44%
44129,2.44%
44130,2.44%
44131,2.44%
44132,2.44%
44133,2.44%
44134,2.44%
44135,2.44%
44136,2.44%
44137,2.44%
44138,2.44%
44139,2.44%
44140,2.44%
44141,2.44%
44142,2.44%
44143,2.44%
44144,2.44%
44145,2.44%
44146,2.44%
44147,2.44%
44149,2.44%
44202,1.45%
44203,1.81%
44212,1.50%
44221,1.81%
44223,1.81%
44224,1.81%
44233,1.50%
44236,1.81%
44241,1.45%
44250,1.81%
44262,1.81%
44264,1.81%
44278,1.81%
44280,1.50%
44286,1.81%
44301,1.81%
44302,1.81%
44304,1.81%
44305,1.81%
44306,1.81%
44307,1.81%
44310,1.81%
44311,1.81%
44312,1.81%
44313,1.81%
44314,1.81%
44319,1.81%
44320,1.81%
44321,1.81%
44333,1.81%
45011,1.53%
45014,1.53%
45015,1.53%
45034,1.56%
45039,1.56%
45040,1.56%
45050,1.53%
45065,1.56%
45069,1.53%
45111,1.81%
45140,1.50%
45147,1.50%
45150,1.50%
45174,1.81%
45202,1.81%
45204,1.81%
45205,1.81%
45206,1.81%
45207,1.81%
45208,1.81%
45209,1.81%
45211,1.81%
45212,1.81%
45213,1.81%
45214,1.81%
45215,1.81%
45216,1.81%
45217,1.81%
45218,1.81%
45219,1.81%
45220,1.81%
45223,1.81%
45224,1.81%
45225,1.81%
45226,1.81%
45227,1.81%
45229,1.81%
45230,1.81%
45231,1.81%
45232,1.81%
45233,1.81%
45236,1.81%
45237,1.81%
45238,1.81%
45239,1.81%
45240,1.81%
45241,1.81%
45242,1.81%
45243,1.81%
45244,1.81%
45246,1.81%
45249,1.81%
45251,1.81%
45252,1.81%
45255,1.81%
46032,0.97%
46033,0.97%
46037,0.97%
46038,0.97%
46055,0.87%
46060,0.97%
46062,0.97%
46074,0.97%
46075,0.93%
46077,0.93%
46107,1.03%
46112,0.98%
46142,0.90%
46143,0.90%
46162,0.90%
46184,0.90%
46201,1.03%
46202,1.03%
46203,1.03%
46204,1.03%
46205,1.03%
46208,1.03%
46214,1.03%
46216,1.03%
46217,1.03%
46218,1.03%
46219,1.03%
46220,1.03%
46221,1.03%
46222,1.03%
46224,1.03%
46225,1.03%
46226,1.03%
46227,1.03%
46228,1.03%
46229,1.03%
46231,1.03%
46234,1.03%
46235,1.03%
46236,1.03%
46237,1.03%
46239,1.03%
46240,1.03%
46241,1.03%
46250,1.03%
46254,1.03%
46256,1.03%
46259,1.03%
46260,1.03%
46268,1.03%
46278,1.03%
46280,0.97%
46290,0.97%
46307,1.13%
46311,1.13%
46312,1.13%
46319,1.13%
46320,1.13%
46321,1.13%
46322,1.13%
46323,1.13%
46324,1.13%
46327,1.13%
46342,1.13%
46368,0.98%
46373,1.13%
46375,1.13%
46393,0.98%
46394,1.13%
46402,1.13%
46403,1.13%
46404,1.13%
46405,1.13%
46406,1.13%
46407,1.13%
46408,1.13%
46409,1.13%
46410,1.13%
48009,1.55%
48015,1.68%
48017,1.55%
48021,1.68%
48025,1.55%
48026,1.68%
48030,1.55%
48033,1.55%
48034,1.55%
48035,1.68%
48036,1.68%
48038,1.68%
48043,1.68%
48044,1.68%
48045,1.68%
48066,1.68%
48067,1.55%
48069,1.55%
48070,1.55%
48071,1.55%
48072,1.55%
48073,1.55%
48075,1.55%
48076,1.55%
48080,1.68%
48081,1.68%
48082,1.68%
48083,1.55%
48084,1.55%
48085,1.55%
48088,1.68%
48089,1.68%
48091,1.68%
48092,1.68%
48093,1.68%
48098,1.55%
48103,1.72%
48104,1.72%
48105,1.72%
48108,1.72%
48114,1.17%
48116,1.17%
48120,2.35%
48122,2.35%
48124,2.35%
48125,2.35%
48126,2.35%
48127,2.35%
48128,2.35%
48133,1.30%
48135,2.35%
48141,2.35%
48144,1.30%
48146,2.35%
48150,2.35%
48152,2.35%
48154,2.35%
48165,1.55%
48167,2.35%
48168,2.35%
48169,1.17%
48170,2.35%
48176,1.72%
48177,1.30%
48178,1.55%
48182,1.30%
48184,2.35%
48185,2.35%
48186,2.35%
48187,2.35%
48188,2.35%
48189,1.72%
48197,1.72%
48198,1.72%
48201,2.35%
48202,2.35%
48203,2.35%
48204,2.35%
48205,2.35%
48206,2.35%
48207,2.35%
48208,2.35%
48209,2.35%
48210,2.35%
48211,2.35%
48212,2.35%
48213,2.35%
48214,2.35%
48215,2.35%
48216,2.35%
48217,2.35%
48218,2.35%
48219,2.35%
48220,1.55%
48221,2.35%
48223,2.35%
48224,2.35%
48225,2.35%
48226,2.35%
48227,2.35%
48228,2.35%
48229,2.35%
48230,2.35%
48234,2.35%
48235,2.35%
48236,2.35%
48237,1.55%
48238,2.35%
48239,2.35%
48240,2.35%
48301,1.55%
48302,1.55%
48304,1.55%
48306,1.55%
48307,1.55%
48309,1.55%
48310,1.68%
48312,1.68%
48313,1.68%
48314,1.68%
48315,1.68%
48316,1.68%
48317,1.68%
48320,1.55%
48322,1.55%
48323,1.55%
48324,1.55%
48326,1.55%
48327,1.55%
48328,1.55%
48329,1.55%
48331,1.55%
48334,1.55%
48335,1.55%
48336,1.55%
48340,1.55%
48341,1.55%
48342,1.55%
48346,1.55%
48348,1.55%
48353,1.17%
48359,1.55%
48360,1.55%
48374,1.55%
48375,1.55%
48377,1.55%
48380,1.55%
48381,1.55%
48382,1.55%
48383,1.55%
48386,1.55%
48390,1.55%
48393,1.55%
49267,1.30%
51510,1.83%
53005,1.52%
53007,1.52%
53012,1.51%
53017,1.55%
53018,1.52%
53022,1.55%
53024,1.51%
53029,1.52%
53033,1.55%
53045,1.52%
53046,1.52%
53051,1.52%
53058,1.52%
53072,1.52%
53074,1.51%
53076,1.55%
53080,1.51%
53089,1.52%
53092,1.51%
53097,1.51%
53103,1.52%
53104,2.20%
53110,2.53%
53122,1.52%
53129,2.53%
53130,2.53%
53132,2.53%
53140,2.20%
53142,2.20%
53143,2.20%
53144,2.20%
53146,1.52%
53150,1.52%
53151,1.52%
53158,2.20%
53177,2.11%
53183,1.52%
53186,1.52%
53188,1.52%
53189,1.52%
53202,2.53%
53204,2.53%
53205,2.53%
53206,2.53%
53207,2.53%
53208,2.53%
53209,2.53%
53210,2.53%
53211,2.53%
53212,2.53%
53213,2.53%
53214,2.53%
53215,2.53%
53216,2.53%
53217,2.53%
53218,2.53%
53219,2.53%
53220,2.53%
53221,2.53%
53222,2.53%
53223,2.53%
53224,2.53%
53225,2.53%
53226,2.53%
53227,2.53%
53228,2.53%
53233,2.53%
53235,2.53%
55001,1.07%
55003,1.07%
55014,1.11%
55016,1.07%
55024,1.10%
55042,1.07%
55043,1.07%
55044,1.10%
55055,1.07%
55068,1.10%
55071,1.07%
55075,1.10%
55076,1.10%
55077,1.10%
55082,1.07%
55090,1.07%
55101,1.27%
55102,1.27%
55103,1.27%
55104,1.27%
55105,1.27%
55106,1.27%
55107,1.27%
55108,1.27%
55109,1.27%
55110,1.27%
55112,1.27%
55113,1.27%
55114,1.27%
55115,1.07%
55116,1.27%
55117,1.27%
55118,1.10%
55119,1.27%
55120,1.10%
55121,1.10%
55122,1.10%
55123,1.10%
55124,1.10%
55125,1.07%
55126,1.27%
55127,1.27%
55128,1.07%
55129,1.07%
55130,1.27%
55303,1.11%
55304,1.11%
55305,1.28%
55306,1.10%
55311,1.28%
55316,1.28%
55317,1.15%
55318,1.15%
55327,1.28%
55331,1.28%
55337,1.10%
55340,1.28%
55343,1.28%
55344,1.28%
55345,1.28%
55346,1.28%
55347,1.28%
55356,1.28%
55369,1.28%
55372,1.16%
55374,1.28%
55378,1.16%
55379,1.16%
55384,1.28%
55391,1.28%
55401,1.28%
55403,1.28%
55404,1.28%
55405,1.28%
55406,1.28%
55407,1.28%
55408,1.28%
55409,1.28%
55410,1.28%
55411,1.28%
55412,1.28%
55413,1.28%
55414,1.28%
55416,1.28%
55417,1.28%
55418,1.28%
55419,1.28%
55420,1.28%
55421,1.11%
55422,1.28%
55423,1.28%
55424,1.28%
55425,1.28%
55426,1.28%
55427,1.28%
55428,1.28%
55429,1.28%
55430,1.28%
55431,1.28%
55432,1.11%
55433,1.11%
55434,1.11%
55435,1.28%
55436,1.28%
55437,1.28%
55438,1.28%
55439,1.28%
55441,1.28%
55442,1.28%
55443,1.28%
55444,1.28%
55445,1.28%
55446,1.28%
55447,1.28%
55448,1.11%
55449,1.11%
55454,1.28%
60004,2.10%
60005,2.10%
60007,2.10%
60008,2.10%
60010,2.10%
60012,2.87%
60013,2.87%
60014,2.87%
60015,2.83%
60016,2.10%
60018,2.10%
60021,2.87%
60022,2.10%
60025,2.10%
60026,2.10%
60030,2.83%
60031,2.83%
60035,2.83%
60040,2.83%
60042,2.87%
60043,2.10%
60044,2.83%
60045,2.83%
60046,2.83%
60047,2.83%
60048,2.83%
60053,2.10%
60056,2.10%
60060,2.83%
60061,2.83%
60062,2.10%
60064,2.83%
60067,2.10%
60068,2.10%
60069,2.83%
60070,2.10%
60074,2.10%
60076,2.10%
60077,2.10%
60083,2.83%
60084,2.83%
60085,2.83%
60089,2.83%
60090,2.10%
60091,2.10%
60093,2.10%
60096,2.83%
60099,2.83%
60101,2.22%
60102,2.87%
60103,2.22%
60104,2.10%
60106,2.22%
60107,2.10%
60108,2.22%
60110,2.66%
60118,2.66%
60119,2.66%
60120,2.10%
60123,2.66%
60124,2.66%
60126,2.22%
60130,2.10%
60131,2.10%
60133,2.22%
60134,2.66%
60136,2.66%
60137,2.22%
60139,2.22%
60142,2.87%
60143,2.22%
60148,2.22%
60153,2.10%
60154,2.10%
60155,2.10%
60156,2.87%
60157,2.22%
60160,2.10%
60162,2.10%
60163,2.10%
60164,2.10%
60165,2.10%
60169,2.10%
60171,2.10%
60172,2.22%
60173,2.10%
60174,2.66%
60175,2.66%
60176,2.10%
60177,2.66%
60181,2.22%
60184,2.22%
60185,2.22%
60187,2.22%
60188,2.22%
60189,2.22%
60190,2.22%
60191,2.22%
60192,2.10%
60193,2.10%
60194,2.10%
60195,2.10%
60201,2.10%
60202,2.10%
60203,2.10%
60301,2.10%
60302,2.10%
60304,2.10%
60305,2.10%
60402,2.10%
60403,2.64%
60404,2.64%
60406,2.10%
60409,2.10%
60410,2.64%
60411,2.10%
60415,2.10%
60417,2.64%
60419,2.10%
60423,2.64%
60425,2.10%
60426,2.10%
60428,2.10%
60429,2.10%
60431,2.64%
60432,2.64%
60433,2.64%
60435,2.64%
60436,2.64%
60438,2.10%
60439,2.10%
60440,2.64%
60441,2.64%
60443,2.10%
60445,2.10%
60446,2.64%
60447,2.10%
60448,2.64%
60451,2.64%
60452,2.10%
60453,2.10%
60455,2.10%
60456,2.10%
60457,2.10%
60458,2.10%
60459,2.10%
60462,2.10%
60463,2.10%
60464,2.10%
60465,2.10%
60467,2.10%
60469,2.10%
60472,2.10%
60473,2.10%
60475,2.10%
60476,2.10%
60477,2.10%
60478,2.10%
60480,2.10%
60482,2.10%
60487,2.10%
60490,2.64%
60491,2.64%
60501,2.10%
60502,2.22%
60503,2.64%
60504,2.22%
60505,2.66%
60506,2.66%
60510,2.66%
60513,2.10%
60514,2.22%
60515,2.22%
60516,2.22%
60517,2.22%
60521,2.22%
60523,2.22%
60525,2.10%
60526,2.10%
60527,2.22%
60532,2.22%
60534,2.10%
60538,2.94%
60540,2.22%
60542,2.66%
60543,2.94%
60544,2.64%
60546,2.10%
60554,2.66%
60555,2.22%
60558,2.10%
60559,2.22%
60561,2.22%
60563,2.22%
60564,2.64%
60565,2.22%
60585,2.64%
60586,2.64%
60601,2.10%
60602,2.10%
60603,2.10%
60604,2.10%
60605,2.10%
60606,2.10%
60607,2.10%
60608,2.10%
60609,2.10%
60610,2.10%
60611,2.10%
60612,2.10%
60613,2.10%
60614,2.10%
60615,2.10%
60616,2.10%
60617,2.10%
60618,2.10%
60619,2.10%
60620,2.10%
60621,2.10%
60622,2.10%
60623,2.10%
60624,2.10%
60625,2.10%
60626,2.10%
60628,2.10%
60629,2.10%
60630,2.10%
60631,2.10%
60632,2.10%
60633,2.10%
60634,2.10%
60636,2.10%
60637,2.10%
60638,2.10%
60639,2.10%
60640,2.10%
60641,2.10%
60642,2.10%
60643,2.10%
60644,2.10%
60645,2.10%
60646,2.10%
60647,2.10%
60649,2.10%
60651,2.10%
60652,2.10%
60653,2.10%
60654,2.10%
60655,2.10%
60656,2.10%
60657,2.10%
60659,2.10%
60660,2.10%
60661,2.10%
60706,2.10%
60707,2.10%
60712,2.10%
60714,2.10%
60803,2.10%
60804,2.10%
60805,2.10%
60827,2.10%
62060,2.03%
62201,1.92%
62206,1.92%
62207,1.92%
62236,1.79%
62239,1.92%
62240,1.92%
63005,1.38%
63010,0.91%
63011,1.38%
63017,1.38%
63021,1.38%
63025,1.38%
63026,1.38%
63038,1.38%
63040,1.38%
63042,1.38%
63043,1.38%
63044,1.38%
63049,0.91%
63052,0.91%
63074,1.38%
63088,1.38%
63103,1.05%
63104,1.05%
63105,1.38%
63108,1.05%
63109,1.05%
63110,1.05%
63111,1.05%
63112,1.05%
63113,1.05%
63114,1.38%
63115,1.05%
63116,1.05%
63117,1.38%
63118,1.05%
63119,1.38%
63120,1.05%
63121,1.38%
63122,1.38%
63123,1.38%
63124,1.38%
63125,1.38%
63126,1.38%
63127,1.38%
63128,1.38%
63129,1.38%
63130,1.38%
63131,1.38%
63132,1.38%
63133,1.38%
63134,1.38%
63135,1.38%
63136,1.38%
63137,1.38%
63139,1.05%
63141,1.38%
63143,1.38%
63144,1.38%
63146,1.38%
63147,1.05%
63301,0.83%
63303,0.83%
63304,0.83%
63366,0.83%
63367,0.83%
63368,0.83%
63376,0.83%
64012,1.07%
64014,1.35%
64015,1.35%
64029,1.35%
64030,1.35%
64050,1.35%
64052,1.35%
64053,1.35%
64054,1.35%
64055,1.35%
64056,1.35%
64057,1.35%
64058,1.35%
64063,1.35%
64064,1.35%
64068,1.35%
64081,1.35%
64086,1.35%
64089,1.35%
64106,1.35%
64108,1.35%
64109,1.35%
64110,1.35%
64111,1.35%
64112,1.35%
64113,1.35%
64114,1.35%
64116,1.35%
64117,1.35%
64118,1.35%
64119,1.35%
64123,1.35%
64124,1.35%
64125,1.35%
64126,1.35%
64127,1.35%
64128,1.35%
64129,1.35%
64130,1.35%
64131,1.35%
64132,1.35%
64133,1.35%
64134,1.35%
64136,1.35%
64137,1.35%
64138,1.35%
64139,1.35%
64145,1.35%
64146,1.35%
64150,1.23%
64151,1.23%
64152,1.23%
64153,1.23%
64154,1.23%
64155,1.35%
64156,1.35%
64157,1.35%
64158,1.35%
64161,1.35%
64163,1.23%
64164,1.23%
64165,1.35%
64166,1.35%
64167,1.35%
66061,1.24%
66062,1.24%
66085,1.24%
66101,1.83%
66102,1.83%
66103,1.83%
66104,1.83%
66105,1.83%
66106,1.83%
66111,1.83%
66202,1.24%
66203,1.24%
66204,1.24%
66205,1.24%
66206,1.24%
66207,1.24%
66208,1.24%
66209,1.24%
66210,1.24%
66211,1.24%
66212,1.24%
66213,1.24%
66214,1.24%
66215,1.24%
66216,1.24%
66217,1.24%
66218,1.24%
66219,1.24%
66220,1.24%
66221,1.24%
66223,1.24%
66224,1.24%
66226,1.24%
66227,1.24%
68007,2.04%
68016,1.81%
68022,2.04%
68028,2.06%
68046,2.06%
68059,2.06%
68102,2.04%
68104,2.04%
68105,2.04%
68106,2.04%
68107,2.04%
68108,2.04%
68110,2.04%
68111,2.04%
68112,2.04%
68114,2.04%
68116,2.04%
68117,2.04%
68118,2.04%
68122,2.04%
68123,2.06%
68124,2.04%
68127,2.04%
68128,2.06%
68130,2.04%
68131,2.04%
68132,2.04%
68133,2.06%
68134,2.04%
68135,2.04%
68136,2.06%
68137,2.04%
68138,2.06%
68142,2.04%
68144,2.04%
68147,2.06%
68152,2.04%
68154,2.04%
68157,2.06%
68164,2.04%
70001,0.52%
70002,0.52%
70003,0.52%
70005,0.52%
70006,0.52%
70031,0.42%
70032,0.46%
70037,0.54%
70043,0.46%
70053,0.52%
70056,0.52%
70058,0.52%
70062,0.52%
70065,0.52%
70072,0.52%
70087,0.42%
70094,0.52%
70112,0.78%
70113,0.78%
70114,0.78%
70115,0.78%
70116,0.78%
70117,0.78%
70118,0.78%
70119,0.78%
70121,0.52%
70122,0.78%
70123,0.52%
70124,0.78%
70125,0.78%
70126,0.78%
70127,0.78%
70128,0.78%
70130,0.78%
70131,0.78%
70420,0.42%
70433,0.42%
70447,0.42%
70448,0.42%
70471,0.42%
75001,1.93%
75002,1.94%
75006,1.93%
75007,1.90%
75009,1.94%
75010,1.90%
75013,1.94%
75019,1.93%
75022,1.90%
75023,1.94%
75024,1.94%
75025,1.94%
75028,1.90%
75032,1.95%
75034,1.90%
75035,1.94%
75038,1.93%
75039,1.93%
75040,1.93%
75041,1.93%
75042,1.93%
75043,1.93%
75044,1.93%
75048,1.93%
75050,1.93%
75051,1.93%
75052,1.93%
75054,2.10%
75056,1.90%
75057,1.90%
75060,1.93%
75061,1.93%
75062,1.93%
75063,1.93%
75065,1.90%
75067,1.90%
75068,1.90%
75069,1.94%
75070,1.94%
75071,1.94%
75074,1.94%
75075,1.94%
75077,1.90%
75078,1.94%
75080,1.93%
75081,1.93%
75082,1.94%
75087,1.95%
75088,1.93%
75089,1.93%
75093,1.94%
75094,1.94%
75098,1.94%
75104,1.93%
75115,1.93%
75116,1.93%
75134,1.93%
75137,1.93%
75146,1.93%
75149,1.93%
75150,1.93%
75154,1.67%
75166,1.94%
75180,1.93%
75189,1.95%
75201,1.93%
75203,1.93%
75204,1.93%
75205,1.93%
75206,1.93%
75208,1.93%
75209,1.93%
75210,1.93%
75211,1.93%
75212,1.93%
75214,1.93%
75215,1.93%
75216,1.93%
75217,1.93%
75218,1.93%
75219,1.93%
75220,1.93%
75223,1.93%
75224,1.93%
75225,1.93%
75226,1.93%
75227,1.93%
75228,1.93%
75229,1.93%
75230,1.93%
75231,1.93%
75232,1.93%
75233,1.93%
75234,1.93%
75235,1.93%
75236,1.93%
75237,1.93%
75238,1.93%
75240,1.93%
75241,1.93%
75243,1.93%
75244,1.93%
75248,1.93%
75249,1.93%
75252,1.94%
75254,1.93%
75287,1.90%
75407,1.94%
75454,1.94%
76001,2.10%
76002,2.10%
76006,2.10%
76010,2.10%
76011,2.10%
76012,2.10%
76013,2.10%
76014,2.10%
76015,2.10%
76016,2.10%
76017,2.10%
76018,2.10%
76021,2.10%
76022,2.10%
76034,2.10%
76036,2.10%
76039,2.10%
76040,2.10%
76051,2.10%
76052,2.10%
76053,2.10%
76054,2.10%
76060,2.10%
76063,2.10%
76092,2.10%
76102,2.10%
76103,2.10%
76104,2.10%
76105,2.10%
76106,2.10%
76107,2.10%
76108,2.10%
76109,2.10%
76110,2.10%
76111,2.10%
76112,2.10%
76114,2.10%
76115,2.10%
76116,2.10%
76117,2.10%
76118,2.10%
76119,2.10%
76120,2.10%
76123,2.10%
76126,2.10%
76131,2.10%
76132,2.10%
76133,2.10%
76134,2.10%
76135,2.10%
76137,2.10%
76140,2.10%
76148,2.10%
76155,2.10%
76164,2.10%
76177,2.10%
76179,2.10%
76180,2.10%
76182,2.10%
76205,1.90%
76208,1.90%
76210,1.90%
76226,1.90%
76244,2.10%
76248,2.10%
76262,1.90%
77002,2.03%
77003,2.03%
77004,2.03%
77005,2.03%
77006,2.03%
77007,2.03%
77008,2.03%
77009,2.03%
77011,2.03%
77012,2.03%
77013,2.03%
77014,2.03%
77016,2.03%
77017,2.03%
77018,2.03%
77019,2.03%
77020,2.03%
77021,2.03%
77022,2.03%
77023,2.03%
77024,2.03%
77025,2.03%
77026,2.03%
77027,2.03%
77028,2.03%
77029,2.03%
77030,2.03%
77031,2.03%
77032,2.03%
77033,2.03%
77034,2.03%
77035,2.03%
77036,2.03%
77037,2.03%
77038,2.03%
77039,2.03%
77040,2.03%
77041,2.03%
77042,2.03%
77043,2.03%
77045,2.03%
77046,2.03%
77047,2.03%
77048,2.03%
77050,2.03%
77051,2.03%
77053,2.22%
77054,2.03%
77055,2.03%
77056,2.03%
77057,2.03%
77058,2.03%
77059,2.03%
77060,2.03%
77061,2.03%
77062,2.03%
77063,2.03%
77064,2.03%
77065,2.03%
77066,2.03%
77067,2.03%
77068,2.03%
77069,2.03%
77070,2.03%
77071,2.03%
77072,2.03%
77073,2.03%
77074,2.03%
77075,2.03%
77076,2.03%
77077,2.03%
77078,2.03%
77079,2.03%
77080,2.03%
77081,2.03%
77082,2.03%
77083,2.03%
77084,2.03%
77085,2.03%
77086,2.03%
77087,2.03%
77088,2.03%
77089,2.03%
77090,2.03%
77091,2.03%
77092,2.03%
77093,2.03%
77094,2.03%
77095,2.03%
77096,2.03%
77098,2.03%
77099,2.03%
77301,1.80%
77302,1.80%
77304,1.80%
77338,2.03%
77339,2.03%
77345,2.03%
77346,2.03%
77354,1.80%
77362,1.80%
77365,1.80%
77373,2.03%
77375,2.03%
77377,2.03%
77379,2.03%
77380,1.80%
77381,1.80%
77382,1.80%
77384,1.80%
77385,1.80%
77386,1.80%
77388,2.03%
77389,2.03%
77396,2.03%
77401,2.03%
77406,2.22%
77407,2.22%
77429,2.03%
77433,2.03%
77447,2.03%
77449,2.03%
77450,2.03%
77459,2.22%
77469,2.22%
77471,2.22%
77477,2.22%
77478,2.22%
77479,2.22%
77489,2.22%
77493,2.03%
77494,2.22%
77498,2.22%
77504,2.03%
77505,2.03%
77518,1.79%
77539,1.79%
77545,2.22%
77546,1.79%
77547,2.03%
77565,1.79%
77573,1.79%
77578,2.00%
77581,2.00%
77583,2.00%
77584,2.00%
77586,2.03%
77598,2.03%
78108,1.67%
78109,1.97%
78148,1.97%
78154,1.67%
78201,1.97%
78202,1.97%
78203,1.97%
78204,1.97%
78205,1.97%
78207,1.97%
78208,1.97%
78209,1.97%
78210,1.97%
78212,1.97%
78213,1.97%
78214,1.97%
78215,1.97%
78216,1.97%
78217,1.97%
78218,1.97%
78219,1.97%
78220,1.97%
78222,1.97%
78223,1.97%
78225,1.97%
78226,1.97%
78228,1.97%
78229,1.97%
78230,1.97%
78231,1.97%
78232,1.97%
78233,1.97%
78237,1.97%
78238,1.97%
78239,1.97%
78240,1.97%
78244,1.97%
78247,1.97%
78248,1.97%
78249,1.97%
78250,1.97%
78251,1.97%
78254,1.97%
78255,1.97%
78256,1.97%
78257,1.97%
78258,1.97%
78259,1.97%
78260,1.97%
78261,1.97%
78266,1.34%
78610,1.97%
78613,2.01%
78617,1.82%
78628,2.01%
78634,2.01%
78641,2.01%
78645,1.82%
78652,1.82%
78653,1.82%
78660,1.82%
78664,2.01%
78665,2.01%
78669,1.82%
78681,2.01%
78701,1.82%
78702,1.82%
78703,1.82%
78704,1.82%
78705,1.82%
78717,2.01%
78719,1.82%
78721,1.82%
78722,1.82%
78723,1.82%
78724,1.82%
78725,1.82%
78726,1.82%
78727,1.82%
78728,1.82%
78729,2.01%
78730,1.82%
78731,1.82%
78732,1.82%
78733,1.82%
78734,1.82%
78735,1.82%
78736,1.82%
78737,1.97%
78738,1.82%
78739,1.82%
78741,1.82%
78742,1.82%
78744,1.82%
78745,1.82%
78746,1.82%
78747,1.82%
78748,1.82%
78749,1.82%
78750,1.82%
78751,1.82%
78752,1.82%
78753,1.82%
78754,1.82%
78756,1.82%
78757,1.82%
78758,1.82%
78759,1.82%
80002,0.55%
80003,0.55%
80004,0.55%
80005,0.55%
80007,0.55%
80010,0.57%
80011,0.63%
80012,0.57%
80013,0.57%
80014,0.57%
80015,0.57%
80016,0.57%
80017,0.57%
80018,0.57%
80020,0.67%
80021,0.55%
80022,0.63%
80023,0.67%
80025,0.57%
80026,0.57%
80027,0.57%
80030,0.63%
80031,0.63%
80033,0.55%
80104,0.63%
80108,0.63%
80109,0.63%
80110,0.57%
80111,0.57%
80112,0.57%
80113,0.57%
80116,0.63%
80120,0.57%
80121,0.57%
80122,0.57%
80123,0.50%
80124,0.63%
80125,0.63%
80126,0.63%
80127,0.55%
80128,0.55%
80129,0.63%
80130,0.63%
80131,0.63%
80134,0.63%
80138,0.63%
80202,0.50%
80203,0.50%
80204,0.50%
80205,0.50%
80206,0.50%
80207,0.50%
80209,0.50%
80210,0.50%
80211,0.50%
80212,0.50%
80214,0.55%
80215,0.55%
80216,0.50%
80218,0.50%
80219,0.50%
80220,0.50%
80221,0.63%
80222,0.57%
80223,0.50%
80224,0.50%
80226,0.55%
80227,0.55%
80228,0.55%
80229,0.63%
80230,0.50%
80231,0.57%
80232,0.55%
80233,0.63%
80234,0.63%
80235,0.55%
80236,0.50%
80237,0.50%
80238,0.50%
80239,0.50%
80241,0.63%
80246,0.57%
80247,0.57%
80249,0.50%
80260,0.63%
80301,0.57%
80302,0.57%
80303,0.57%
80304,0.57%
80305,0.57%
80401,0.55%
80403,0.55%
80453,0.55%
80454,0.55%
80457,0.55%
80465,0.55%
80501,0.57%
80503,0.57%
80504,0.51%
80514,0.51%
80516,0.51%
80520,0.51%
80530,0.51%
80542,0.51%
80602,0.63%
80640,0.63%
84003,0.54%
84004,0.54%
84005,0.54%
84006,0.68%
84010,0.66%
84014,0.66%
84015,0.66%
84020,0.68%
84025,0.66%
84040,0.66%
84041,0.66%
84042,0.54%
84043,0.54%
84044,0.68%
84045,0.54%
84047,0.68%
84054,0.66%
84057,0.54%
84060,0.41%
84062,0.54%
84065,0.68%
84067,0.75%
84070,0.68%
84075,0.66%
84081,0.68%
84084,0.68%
84087,0.66%
84088,0.68%
84092,0.68%
84093,0.68%
84094,0.68%
84095,0.68%
84096,0.68%
84098,0.41%
84101,0.68%
84102,0.68%
84103,0.68%
84104,0.68%
84105,0.68%
84106,0.68%
84107,0.68%
84108,0.68%
84109,0.68%
84111,0.68%
84115,0.68%
84116,0.68%
84117,0.68%
84118,0.68%
84119,0.68%
84120,0.68%
84121,0.68%
84123,0.68%
84124,0.68%
84128,0.68%
84315,0.75%
84401,0.75%
84403,0.75%
84404,0.75%
84405,0.75%
84414,0.75%
85003,0.61%
85004,0.61%
85006,0.61%
85007,0.61%
85008,0.61%
85009,0.61%
85012,0.61%
85013,0.61%
85014,0.61%
85015,0.61%
85016,0.61%
85017,0.61%
85018,0.61%
85019,0.61%
85020,0.61%
85021,0.61%
85022,0.61%
85023,0.61%
85024,0.61%
85027,0.61%
85028,0.61%
85029,0.61%
85031,0.61%
85032,0.61%
85033,0.61%
85034,0.61%
85035,0.61%
85037,0.61%
85040,0.61%
85041,0.61%
85042,0.61%
85043,0.61%
85044,0.61%
85045,0.61%
85048,0.61%
85050,0.61%
85051,0.61%
85053,0.61%
85054,0.61%
85083,0.61%
85085,0.61%
85119,0.76%
85120,0.76%
85140,0.76%
85142,0.61%
85143,0.76%
85201,0.61%
85202,0.61%
85203,0.61%
85204,0.61%
85205,0.61%
85206,0.61%
85207,0.61%
85208,0.61%
85209,0.61%
85210,0.61%
85212,0.61%
85213,0.61%
85215,0.61%
85224,0.61%
85225,0.61%
85226,0.61%
85233,0.61%
85234,0.61%
85248,0.61%
85249,0.61%
85250,0.61%
85251,0.61%
85253,0.61%
85254,0.61%
85255,0.61%
85257,0.61%
85258,0.61%
85259,0.61%
85260,0.61%
85266,0.61%
85281,0.61%
85282,0.61%
85283,0.61%
85284,0.61%
85286,0.61%
85295,0.61%
85296,0.61%
85297,0.61%
85298,0.61%
85301,0.61%
85302,0.61%
85303,0.61%
85304,0.61%
85305,0.61%
85306,0.61%
85307,0.61%
85308,0.61%
85310,0.61%
85323,0.61%
85335,0.61%
85338,0.61%
85339,0.61%
85340,0.61%
85345,0.61%
85351,0.61%
85353,0.61%
85355,0.61%
85363,0.61%
85373,0.61%
85374,0.61%
85375,0.61%
85379,0.61%
85381,0.61%
85382,0.61%
85383,0.61%
85387,0.61%
85388,0.61%
85392,0.61%
85395,0.61%
89002,0.65%
89004,0.65%
89011,0.65%
89012,0.65%
89014,0.65%
89015,0.65%
89030,0.65%
89031,0.65%
89032,0.65%
89044,0.65%
89052,0.65%
89074,0.65%
89081,0.65%
89084,0.65%
89085,0.65%
89086,0.65%
89101,0.65%
89102,0.65%
89103,0.65%
89104,0.65%
89106,0.65%
89107,0.65%
89108,0.65%
89109,0.65%
89110,0.65%
89113,0.65%
89115,0.65%
89117,0.65%
89118,0.65%
89119,0.65%
89120,0.65%
89121,0.65%
89122,0.65%
89123,0.65%
89128,0.65%
89129,0.65%
89130,0.65%
89131,0.65%
89134,0.65%
89135,0.65%
89138,0.65%
89139,0.65%
89141,0.65%
89142,0.65%
89143,0.65%
89144,0.65%
89145,0.65%
89146,0.65%
89147,0.65%
89148,0.65%
89149,0.65%
89156,0.65%
89166,0.65%
89169,0.65%
89178,0.65%
89183,0.65%
89411,0.60%
89413,0.60%
89423,0.60%
89431,0.62%
89433,0.62%
89434,0.62%
89436,0.62%
89441,0.62%
89448,0.60%
89501,0.62%
89502,0.62%
89503,0.62%
89506,0.62%
89509,0.62%
89511,0.62%
89512,0.62%
89519,0.62%
89521,0.62%
89523,0.62%
89701,0.61%
89703,0.61%
89705,0.60%
89706,0.61%
90001,0.72%
90002,0.72%
90003,0.72%
90004,0.72%
90005,0.72%
90006,0.72%
90007,0.72%
90008,0.72%
90011,0.72%
90012,0.72%
90015,0.72%
90016,0.72%
90017,0.72%
90018,0.72%
90019,0.72%
90020,0.72%
90021,0.72%
90022,0.72%
90023,0.72%
90024,0.72%
90025,0.72%
90026,0.72%
90027,0.72%
90028,0.72%
90029,0.72%
90031,0.72%
90032,0.72%
90033,0.72%
90034,0.72%
90035,0.72%
90036,0.72%
90037,0.72%
90038,0.72%
90039,0.72%
90040,0.72%
90041,0.72%
90042,0.72%
90043,0.72%
90044,0.72%
90045,0.72%
90046,0.72%
90047,0.72%
90048,0.72%
90049,0.72%
90056,0.72%
90057,0.72%
90058,0.72%
90059,0.72%
90061,0.72%
90062,0.72%
90063,0.72%
90064,0.72%
90065,0.72%
90066,0.72%
90067,0.72%
90068,0.72%
90069,0.72%
90077,0.72%
90094,0.72%
90201,0.72%
90210,0.72%
90211,0.72%
90212,0.72%
90220,0.72%
90221,0.72%
90222,0.72%
90230,0.72%
90232,0.72%
90240,0.72%
90241,0.72%
90242,0.72%
90245,0.72%
90247,0.72%
90248,0.72%
90249,0.72%
90250,0.72%
90254,0.72%
90255,0.72%
90260,0.72%
90262,0.72%
90265,0.72%
90266,0.72%
90270,0.72%
90272,0.72%
90274,0.72%
90275,0.72%
90277,0.72%
90278,0.72%
90280,0.72%
90291,0.72%
90292,0.72%
90293,0.72%
90301,0.72%
90302,0.72%
90303,0.72%
90304,0.72%
90305,0.72%
90401,0.72%
90402,0.72%
90403,0.72%
90404,0.72%
90405,0.72%
90501,0.72%
90502,0.72%
90503,0.72%
90504,0.72%
90505,0.72%
90601,0.72%
90602,0.72%
90603,0.72%
90604,0.72%
90605,0.72%
90606,0.72%
90620,0.69%
90621,0.69%
90623,0.69%
90630,0.69%
90631,0.69%
90638,0.72%
90640,0.72%
90650,0.72%
90660,0.72%
90670,0.72%
90680,0.69%
90701,0.72%
90703,0.72%
90706,0.72%
90710,0.72%
90712,0.72%
90713,0.72%
90715,0.72%
90716,0.72%
90717,0.72%
90720,0.69%
90723,0.72%
90731,0.72%
90732,0.72%
90740,0.69%
90742,0.69%
90743,0.69%
90744,0.72%
90745,0.72%
90746,0.72%
90755,0.72%
90802,0.72%
90803,0.72%
90804,0.72%
90805,0.72%
90806,0.72%
90807,0.72%
90808,0.72%
90810,0.72%
90813,0.72%
90814,0.72%
90815,0.72%
91001,0.72%
91006,0.72%
91007,0.72%
91008,0.72%
91010,0.72%
91011,0.72%
91016,0.72%
91020,0.72%
91024,0.72%
91030,0.72%
91040,0.72%
91042,0.72%
91101,0.72%
91103,0.72%
91104,0.72%
91105,0.72%
91106,0.72%
91107,0.72%
91108,0.72%
91201,0.72%
91202,0.72%
91203,0.72%
91204,0.72%
91205,0.72%
91206,0.72%
91207,0.72%
91208,0.72%
91214,0.72%
91301,0.72%
91302,0.72%
91303,0.72%
91304,0.72%
91306,0.72%
91307,0.72%
91311,0.72%
91316,0.72%
91320,0.73%
91321,0.72%
91324,0.72%
91325,0.72%
91326,0.72%
91331,0.72%
91335,0.72%
91340,0.72%
91342,0.72%
91343,0.72%
91344,0.72%
91345,0.72%
91350,0.72%
91351,0.72%
91352,0.72%
91354,0.72%
91355,0.72%
91356,0.72%
91360,0.73%
91361,0.73%
91362,0.73%
91364,0.72%
91367,0.72%
91377,0.73%
91381,0.72%
91387,0.72%
91390,0.72%
91401,0.72%
91402,0.72%
91403,0.72%
91405,0.72%
91406,0.72%
91411,0.72%
91423,0.72%
91436,0.72%
91501,0.72%
91502,0.72%
91504,0.72%
91505,0.72%
91506,0.72%
91601,0.72%
91602,0.72%
91604,0.72%
91605,0.72%
91606,0.72%
91607,0.72%
91701,0.81%
91702,0.72%
91706,0.72%
91708,0.81%
91709,0.81%
91710,0.81%
91711,0.72%
91722,0.72%
91723,0.72%
91724,0.72%
91730,0.81%
91731,0.72%
91732,0.72%
91733,0.72%
91737,0.81%
91739,0.81%
91740,0.72%
91741,0.72%
91744,0.72%
91745,0.72%
91746,0.72%
91748,0.72%
91750,0.72%
91752,0.95%
91754,0.72%
91755,0.72%
91759,0.81%
91761,0.81%
91762,0.81%
91763,0.81%
91764,0.81%
91765,0.72%
91766,0.72%
91767,0.72%
91768,0.72%
91770,0.72%
91773,0.72%
91775,0.72%
91776,0.72%
91780,0.72%
91784,0.81%
91786,0.81%
91789,0.72%
91790,0.72%
91791,0.72%
91792,0.72%
91801,0.72%
91803,0.72%
91902,0.73%
91910,0.73%
91911,0.73%
91913,0.73%
91914,0.73%
91915,0.73%
91932,0.73%
91935,0.73%
91941,0.73%
91942,0.73%
91945,0.73%
91950,0.73%
91977,0.73%
91978,0.73%
92007,0.73%
92008,0.73%
92009,0.73%
92010,0.73%
92011,0.73%
92014,0.73%
92019,0.73%
92020,0.73%
92021,0.73%
92024,0.73%
92025,0.73%
92026,0.73%
92027,0.73%
92029,0.73%
92037,0.73%
92040,0.73%
92054,0.73%
92056,0.73%
92057,0.73%
92058,0.73%
92064,0.73%
92067,0.73%
92069,0.73%
92071,0.73%
92075,0.73%
92078,0.73%
92081,0.73%
92083,0.73%
92084,0.73%
92091,0.73%
92101,0.73%
92102,0.73%
92103,0.73%
92104,0.73%
92105,0.73%
92106,0.73%
92107,0.73%
92108,0.73%
92109,0.73%
92110,0.73%
92111,0.73%
92113,0.73%
92114,0.73%
92115,0.73%
92116,0.73%
92117,0.73%
92118,0.73%
92119,0.73%
92120,0.73%
92121,0.73%
92122,0.73%
92123,0.73%
92124,0.73%
92126,0.73%
92127,0.73%
92128,0.73%
92129,0.73%
92130,0.73%
92131,0.73%
92139,0.73%
92154,0.73%
92173,0.73%
92308,0.81%
92313,0.81%
92316,0.81%
92320,0.95%
92324,0.81%
92335,0.81%
92336,0.81%
92337,0.81%
92344,0.81%
92345,0.81%
92346,0.81%
92354,0.81%
92358,0.81%
92359,0.81%
92373,0.81%
92374,0.81%
92376,0.81%
92377,0.81%
92378,0.81%
92392,0.81%
92394,0.81%
92395,0.81%
92399,0.81%
92404,0.81%
92405,0.81%
92407,0.81%
92408,0.81%
92410,0.81%
92411,0.81%
92501,0.95%
92503,0.95%
92504,0.95%
92505,0.95%
92506,0.95%
92507,0.95%
92508,0.95%
92509,0.95%
92530,0.95%
92532,0.95%
92551,0.95%
92553,0.95%
92555,0.95%
92557,0.95%
92562,0.95%
92570,0.95%
92571,0.95%
92584,0.95%
92586,0.95%
92587,0.95%
92595,0.95%
92602,0.69%
92603,0.69%
92604,0.69%
92606,0.69%
92610,0.69%
92612,0.69%
92614,0.69%
92617,0.69%
92618,0.69%
92620,0.69%
92624,0.69%
92625,0.69%
92626,0.69%
92627,0.69%
92629,0.69%
92630,0.69%
92637,0.69%
92646,0.69%
92647,0.69%
92648,0.69%
92649,0.69%
92651,0.69%
92653,0.69%
92655,0.69%
92656,0.69%
92657,0.69%
92660,0.69%
92661,0.69%
92662,0.69%
92663,0.69%
92672,0.69%
92673,0.69%
92675,0.69%
92676,0.69%
92677,0.69%
92679,0.69%
92683,0.69%
92688,0.69%
92691,0.69%
92692,0.69%
92694,0.69%
92701,0.69%
92703,0.69%
92704,0.69%
92705,0.69%
92706,0.69%
92707,0.69%
92708,0.69%
92780,0.69%
92782,0.69%
92801,0.69%
92802,0.69%
92804,0.69%
92805,0.69%
92806,0.69%
92807,0.69%
92808,0.69%
92821,0.69%
92823,0.69%
92831,0.69%
92832,0.69%
92833,0.69%
92835,0.69%
92840,0.69%
92841,0.69%
92843,0.69%
92844,0.69%
92845,0.69%
92860,0.95%
92861,0.69%
92865,0.69%
92866,0.69%
92867,0.69%
92868,0.69%
92869,0.69%
92870,0.69%
92879,0.95%
92880,0.95%
92881,0.95%
92882,0.95%
92883,0.95%
92886,0.69%
92887,0.69%
93021,0.73%
93063,0.73%
93065,0.73%
94002,0.65%
94005,0.65%
94010,0.65%
94014,0.65%
94015,0.65%
94019,0.65%
94022,0.73%
94024,0.73%
94025,0.65%
94027,0.65%
94028,0.65%
94030,0.65%
94037,0.65%
94038,0.65%
94040,0.73%
94041,0.73%
94043,0.73%
94044,0.65%
94061,0.65%
94062,0.65%
94063,0.65%
94065,0.65%
94066,0.65%
94070,0.65%
94080,0.65%
94085,0.73%
94086,0.73%
94087,0.73%
94089,0.73%
94102,0.64%
94103,0.64%
94107,0.64%
94108,0.64%
94109,0.64%
94110,0.64%
94112,0.64%
94114,0.64%
94115,0.64%
94116,0.64%
94117,0.64%
94118,0.64%
94121,0.64%
94122,0.64%
94123,0.64%
94124,0.64%
94127,0.64%
94129,0.64%
94131,0.64%
94132,0.64%
94133,0.64%
94134,0.64%
94301,0.73%
94303,0.73%
94304,0.73%
94305,0.73%
94306,0.73%
94401,0.65%
94402,0.65%
94403,0.65%
94404,0.65%
94501,0.78%
94502,0.78%
94503,0.68%
94505,0.85%
94506,0.85%
94507,0.85%
94509,0.85%
94510,0.82%
94513,0.85%
94514,0.85%
94517,0.85%
94518,0.85%
94519,0.85%
94520,0.85%
94521,0.85%
94523,0.85%
94526,0.85%
94530,0.85%
94531,0.85%
94534,0.82%
94536,0.78%
94538,0.78%
94539,0.78%
94541,0.78%
94542,0.78%
94544,0.78%
94545,0.78%
94546,0.78%
94547,0.85%
94549,0.85%
94550,0.78%
94551,0.78%
94552,0.78%
94553,0.85%
94555,0.78%
94556,0.85%
94560,0.78%
94561,0.85%
94563,0.85%
94565,0.85%
94566,0.78%
94568,0.78%
94577,0.78%
94578,0.78%
94579,0.78%
94580,0.78%
94582,0.85%
94583,0.85%
94586,0.78%
94587,0.78%
94588,0.78%
94589,0.82%
94590,0.82%
94591,0.82%
94592,0.82%
94596,0.85%
94597,0.85%
94598,0.85%
94601,0.78%
94602,0.78%
94603,0.78%
94605,0.78%
94606,0.78%
94607,0.78%
94608,0.78%
94609,0.78%
94610,0.78%
94611,0.78%
94612,0.78%
94618,0.78%
94619,0.78%
94621,0.78%
94702,0.78%
94703,0.78%
94704,0.78%
94705,0.78%
94706,0.78%
94707,0.78%
94708,0.78%
94709,0.78%
94710,0.78%
94801,0.85%
94803,0.85%
94804,0.85%
94805,0.85%
94806,0.85%
94901,0.77%
94903,0.77%
94904,0.77%
94920,0.77%
94924,0.77%
94925,0.77%
94930,0.77%
94933,0.77%
94938,0.77%
94939,0.77%
94941,0.77%
94945,0.77%
94946,0.77%
94947,0.77%
94949,0.77%
94957,0.77%
94960,0.77%
94963,0.77%
94964,0.77%
94965,0.77%
94970,0.77%
94973,0.77%
95002,0.73%
95003,0.66%
95005,0.66%
95007,0.66%
95008,0.73%
95010,0.66%
95014,0.73%
95018,0.66%
95020,0.73%
95030,0.73%
95032,0.73%
95033,0.73%
95035,0.73%
95037,0.73%
95041,0.66%
95046,0.73%
95050,0.73%
95051,0.73%
95054,0.73%
95060,0.66%
95062,0.66%
95064,0.66%
95065,0.66%
95066,0.66%
95070,0.73%
95073,0.66%
95110,0.73%
95111,0.73%
95112,0.73%
95116,0.73%
95117,0.73%
95118,0.73%
95119,0.73%
95120,0.73%
95121,0.73%
95122,0.73%
95123,0.73%
95124,0.73%
95125,0.73%
95126,0.73%
95127,0.73%
95128,0.73%
95129,0.73%
95130,0.73%
95131,0.73%
95132,0.73%
95133,0.73%
95134,0.73%
95135,0.73%
95136,0.73%
95138,0.73%
95139,0.73%
95140,0.73%
95148,0.73%
95376,0.85%
95377,0.85%
95391,0.85%
95605,0.87%
95608,0.81%
95610,0.81%
95612,0.87%
95616,0.87%
95618,0.87%
95620,0.82%
95621,0.81%
95624,0.81%
95626,0.81%
95628,0.81%
95630,0.81%
95648,0.92%
95650,0.92%
95655,0.81%
95658,0.92%
95660,0.81%
95661,0.92%
95662,0.81%
95663,0.92%
95670,0.81%
95672,0.76%
95673,0.81%
95677,0.92%
95678,0.92%
95682,0.76%
95683,0.81%
95687,0.82%
95688,0.82%
95691,0.87%
95695,0.87%
95742,0.81%
95746,0.92%
95747,0.92%
95757,0.81%
95758,0.81%
95762,0.76%
95765,0.92%
95776,0.87%
95811,0.81%
95814,0.81%
95815,0.81%
95816,0.81%
95817,0.81%
95818,0.81%
95819,0.81%
95820,0.81%
95821,0.81%
95822,0.81%
95823,0.81%
95824,0.81%
95825,0.81%
95826,0.81%
95827,0.81%
95828,0.81%
95829,0.81%
95830,0.81%
95831,0.81%
95832,0.81%
95833,0.81%
95834,0.81%
95835,0.81%
95837,0.81%
95838,0.81%
95841,0.81%
95842,0.81%
95843,0.81%
95864,0.81%
97002,1.15%
97005,1.05%
97006,1.05%
97007,1.05%
97008,1.05%
97009,1.02%
97013,1.02%
97015,1.02%
97020,1.15%
97024,1.04%
97027,1.02%
97030,1.04%
97034,1.02%
97035,1.02%
97045,1.02%
97060,1.04%
97062,1.05%
97068,1.02%
97070,1.02%
97080,1.04%
97086,1.02%
97089,1.02%
97113,1.05%
97123,1.05%
97124,1.05%
97140,1.05%
97201,1.04%
97202,1.04%
97203,1.04%
97205,1.04%
97206,1.04%
97209,1.04%
97210,1.04%
97211,1.04%
97212,1.04%
97213,1.04%
97214,1.04%
97215,1.04%
97216,1.04%
97217,1.04%
97218,1.04%
97219,1.04%
97220,1.04%
97221,1.04%
97222,1.02%
97223,1.05%
97224,1.05%
97225,1.05%
97227,1.04%
97229,1.05%
97230,1.04%
97231,1.04%
97232,1.04%
97233,1.04%
97236,1.04%
97239,1.04%
97266,1.04%
97267,1.02%
98001,0.93%
98002,0.93%
98003,0.93%
98004,0.93%
98005,0.93%
98006,0.93%
98007,0.93%
98008,0.93%
98010,0.93%
98011,0.93%
98012,0.97%
98014,0.93%
98019,0.93%
98020,0.97%
98021,0.97%
98022,0.93%
98023,0.93%
98024,0.93%
98026,0.97%
98027,0.93%
98028,0.93%
98029,0.93%
98030,0.93%
98031,0.93%
98032,0.93%
98033,0.93%
98034,0.93%
98036,0.97%
98037,0.97%
98038,0.93%
98039,0.93%
98040,0.93%
98042,0.93%
98043,0.97%
98047,0.93%
98050,0.93%
98052,0.93%
98053,0.93%
98055,0.93%
98056,0.93%
98057,0.93%
98058,0.93%
98059,0.93%
98070,0.93%
98072,0.93%
98074,0.93%
98075,0.93%
98077,0.93%
98087,0.97%
98092,0.93%
98102,0.93%
98103,0.93%
98104,0.93%
98105,0.93%
98106,0.93%
98107,0.93%
98108,0.93%
98109,0.93%
98110,0.98%
98112,0.93%
98115,0.93%
98116,0.93%
98117,0.93%
98118,0.93%
98119,0.93%
98121,0.93%
98122,0.93%
98125,0.93%
98126,0.93%
98133,0.93%
98136,0.93%
98144,0.93%
98146,0.93%
98148,0.93%
98155,0.93%
98166,0.93%
98168,0.93%
98177,0.93%
98178,0.93%
98188,0.93%
98198,0.93%
98199,0.93%
98203,0.97%
98204,0.97%
98208,0.97%
98236,0.81%
98275,0.97%
98290,0.97%
98296,0.97%
98303,1.19%
98310,0.98%
98311,0.98%
98312,0.98%
98321,1.19%
98323,1.19%
98327,1.19%
98329,1.19%
98332,1.19%
98333,1.19%
98335,1.19%
98337,0.98%
98338,1.19%
98342,0.98%
98345,0.98%
98346,0.98%
98349,1.19%
98351,1.19%
98354,1.19%
98359,0.98%
98360,1.19%
98366,0.98%
98367,0.98%
98370,0.98%
98371,1.19%
98372,1.19%
98373,1.19%
98374,1.19%
98375,1.19%
98380,0.98%
98383,0.98%
98385,1.19%
98387,1.19%
98388,1.19%
98390,1.19%
98391,1.19%
98392,0.98%
98394,1.19%
98396,1.19%
98402,1.19%
98403,1.19%
98404,1.19%
98405,1.19%
98406,1.19%
98407,1.19%
98408,1.19%
98409,1.19%
98418,1.19%
98422,1.19%
98424,1.19%
98443,1.19%
98444,1.19%
98445,1.19%
98446,1.19%
98465,1.19%
98466,1.19%
98467,1.19%
98498,1.19%
98499,1.19%
98503,1.08%
98506,1.08%
98516,1.08%
98604,1.02%
98606,1.02%
98607,1.02%
98642,1.02%
98660,1.02%
98661,1.02%
98662,1.02%
98663,1.02%
98664,1.02%
98665,1.02%
98671,1.02%
98682,1.02%
98683,1.02%
98684,1.02%
98685,1.02%
98686,1.02%
11720,2.37%
11741,2.37%
10578,1.89%
11755,2.37%
11790,2.37%
10527,1.89%
11705,2.37%
11733,2.37%
06896,1.75%
10589,1.89%
10590,1.89%
06877,1.75%
06883,1.75%
06897,1.75%
06824,1.75%
10526,1.89%
10518,1.89%
10560,1.89%
06890,1.75%
10597,1.89%
06880,1.75%
17104,1.66%
13202,2.80%
29329,0.64%
14211,2.58%
13205,2.80%
40210,0.93%
17103,1.66%
40212,0.93%
14212,2.58%
14204,2.58%
14215,2.58%
40211,0.93%
13204,2.80%
29346,0.64%
37410,0.89%
12307,2.88%
14208,2.58%
37407,0.89%
14206,2.58%
17113,1.66%
13208,2.80%
27105,0.98%
14207,2.58%
40215,0.93%
73129,1.06%
73108,1.06%
14210,2.58%
73109,1.06%
73149,1.06%
13211,2.80%
73119,1.06%
13207,2.80%
73115,1.06%
12206,2.10%
12183,2.10%
12202,2.10%
13206,2.80%
17034,1.66%
17102,1.66%
13120,2.80%
29377,0.64%
37406,0.89%
73114,1.06%
17101,1.66%
27260,1.09%
14213,2.58%
73117,1.06%
73159,1.06%
40216,0.93%
13209,2.80%
73110,1.06%
13080,2.80%
17110,1.66%
12304,2.88%
12182,2.48%
14304,2.91%
31415,1.02%
14225,2.58%
13212,2.80%
47129,0.84%
73111,1.06%
29303,0.64%
12308,2.88%
40219,0.93%
30741,0.83%
13057,2.80%
17093,1.33%
13210,2.80%
12305,2.88%
12209,2.10%
40118,0.93%
13088,2.80%
13082,2.53%
40505,0.98%
13116,2.80%
13219,2.80%
13037,2.53%
73127,1.06%
14043,2.58%
13030,2.53%
73122,1.06%
14150,2.58%
14217,2.58%
73132,1.06%
73008,1.06%
14227,2.58%
27405,1.09%
40213,0.93%
13060,2.80%
31408,1.02%
13203,2.80%
13112,2.80%
14223,2.58%
32609,1.18%
30742,0.84%
37411,0.89%
40218,0.93%
17109,1.66%
27127,0.98%
29375,0.64%
13214,2.80%
12210,2.10%
29385,0.64%
27045,0.98%
29611,0.69%
40517,0.98%
87121,1.05%
17057,1.66%
27401,1.09%
13090,2.80%
87102,1.05%
27107,0.98%
17053,1.34%
40217,0.93%
12180,2.48%
73107,1.06%
40203,0.93%
40214,0.93%
40229,0.93%
31404,1.02%
30757,0.55%
27101,0.98%
27301,1.09%
37412,0.89%
12085,2.10%
13224,2.80%
17018,1.66%
29405,0.47%
12208,2.10%
29406,0.47%
27263,0.87%
17512,1.69%
14120,2.91%
12144,2.48%
47130,0.84%
31407,1.02%
29662,0.69%
17602,1.69%
29307,0.64%
29376,0.64%
40508,0.98%
73112,1.06%
29301,0.64%
40208,0.93%
29316,0.64%
27051,0.98%
40228,0.93%
27406,1.09%
13031,2.80%
40220,0.93%
29306,0.64%
13041,2.80%
73162,1.06%
13164,2.80%
13108,2.80%
30725,0.83%
02863,1.79%
12205,2.10%
29365,0.64%
27103,0.98%
87105,1.05%
12203,2.10%
13039,2.80%
29418,0.47%
13027,2.80%
40504,0.98%
12189,2.10%
17501,1.69%
17603,1.69%
29334,0.64%
14026,2.58%
17520,1.69%
40511,0.98%
02909,1.79%
12303,2.88%
02907,1.79%
73141,1.06%
17508,1.69%
17070,1.92%
29369,0.64%
12047,2.10%
28479,0.63%
17576,1.69%
87144,0.93%
27214,1.09%
02893,1.78%
12188,1.63%
27040,0.98%
73128,1.04%
02910,1.79%
29680,0.69%
32601,1.18%
29349,0.64%
13215,2.80%
40503,0.98%
27265,1.09%
37404,0.89%
02908,1.79%
14214,2.58%
28429,0.71%
02861,1.79%
14228,2.58%
14201,2.58%
73106,1.06%
22802,0.73%
02914,1.79%
02860,1.79%
17111,1.66%
73104,1.06%
30736,0.84%
02905,1.79%
17554,1.69%
12198,2.48%
87114,1.05%
29687,0.69%
40243,0.93%
40242,0.93%
17011,1.33%
87108,1.05%
37416,0.89%
87112,1.05%
27409,1.09%
27282,1.09%
03103,2.23%
14072,2.58%
87110,1.05%
27262,1.09%
02904,1.79%
87120,1.05%
73105,1.06%
22840,0.59%
12110,2.10%
14086,2.58%
40291,0.93%
12186,2.10%
37343,0.89%
12309,2.88%
03102,2.23%
05404,1.86%
28401,0.71%
32618,1.18%
02888,1.78%
87124,0.93%
92236,0.95%
14226,2.58%
17538,1.69%
02915,1.79%
02911,1.79%
40514,0.98%
12084,2.10%
02889,1.78%
37409,0.89%
22812,0.59%
02919,1.79%
29302,0.64%
72730,0.71%
12065,1.63%
02920,1.79%
13066,2.80%
27407,1.09%
29681,0.69%
28451,0.63%
37421,0.89%
32580,0.70%
32667,1.18%
17028,1.66%
73134,1.06%
12054,2.10%
29410,0.54%
32603,1.18%
02876,1.79%
13104,2.80%
14221,2.58%
32605,1.18%
03109,2.23%
17522,1.69%
40299,0.93%
83605,0.86%
17584,1.69%
72764,0.71%
17112,1.66%
27235,1.09%
22801,0.68%
27410,1.09%
73003,1.06%
83651,0.86%
17551,1.69%
22841,0.59%
72745,0.75%
29651,0.69%
28778,0.69%
73121,1.06%
14068,2.58%
97477,1.04%
13078,2.80%
27012,0.98%
27403,1.09%
72762,0.71%
29650,0.69%
97322,1.22%
02816,1.78%
24471,0.59%
28412,0.71%
40515,0.98%
93534,0.72%
12077,2.10%
97402,1.04%
87123,1.05%
14209,2.58%
12204,2.10%
14202,2.58%
40509,0.98%
05408,1.86%
73120,1.06%
40010,0.99%
02885,1.61%
29414,0.47%
40356,0.95%
37363,0.89%
28748,0.69%
04092,1.39%
73012,1.06%
87109,1.05%
72704,0.71%
17033,1.66%
22846,0.59%
17516,1.69%
17025,1.33%
31405,1.02%
03055,2.23%
05452,1.86%
02886,1.78%
03869,2.42%
73013,1.06%
87106,1.05%
37415,0.89%
93552,0.72%
73118,1.06%
97404,1.04%
97478,1.04%
92201,0.95%
03104,2.23%
87113,1.05%
17582,1.69%
17043,1.33%
32606,1.18%
02916,1.79%
40241,0.93%
37302,0.89%
17540,1.69%
29607,0.69%
92276,0.95%
27006,0.73%
17601,1.69%
28806,0.69%
03045,2.23%
32579,0.70%
22832,0.59%
28701,0.69%
37403,0.89%
73034,1.06%
73025,1.06%
02828,1.79%
97321,1.22%
01527,1.49%
17545,1.69%
05446,1.86%
29615,0.69%
40014,0.99%
92203,0.95%
37408,0.89%
17579,1.69%
22902,0.73%
28411,0.71%
97389,1.22%
02831,1.79%
40202,0.93%
03820,2.42%
27455,1.09%
97370,1.16%
02917,1.79%
37402,0.89%
83634,0.73%
17036,1.66%
27023,0.98%
32607,1.18%
72701,0.71%
01569,1.49%
83687,0.86%
02903,1.79%
14051,2.58%
03054,2.23%
12159,2.10%
83686,0.86%
40245,0.93%
12211,2.10%
92241,0.95%
27106,0.98%
02817,1.78%
31406,1.02%
29609,0.69%
83704,0.73%
83607,0.86%
97333,1.16%
32608,1.18%
40223,0.93%
31410,1.02%
40205,0.93%
03106,2.42%
03857,2.03%
87111,1.05%
83705,0.73%
03824,2.42%
28409,0.71%
73102,1.06%
17543,1.69%
92234,0.95%
30750,0.55%
22911,0.73%
83644,0.86%
40222,0.93%
72703,0.71%
40056,0.99%
27104,0.98%
97330,1.16%
28732,0.60%
28805,0.69%
93551,0.72%
05461,1.86%
73142,1.06%
05403,1.86%
03052,2.23%
29407,0.47%
83709,0.73%
27358,1.09%
03903,1.27%
03033,2.23%
14222,2.58%
03904,1.27%
40507,0.98%
03053,2.03%
87104,1.05%
28787,0.69%
40513,0.98%
05401,1.86%
28704,0.69%
27310,1.09%
40026,0.99%
40206,0.93%
02771,1.23%
04106,1.39%
97401,1.04%
32578,0.70%
04103,1.39%
05495,1.86%
97405,1.04%
28759,0.60%
83713,0.73%
40510,0.98%
37377,0.89%
28403,0.71%
27408,1.09%
73151,1.06%
02872,1.22%
40204,0.93%
92596,0.95%
03031,2.23%
40207,0.93%
22901,0.73%
17572,1.69%
28715,0.69%
29605,0.69%
14032,2.58%
29412,0.47%
02921,1.79%
04050,1.39%
40059,0.93%
17529,1.69%
02865,1.79%
22936,0.73%
03032,2.03%
83646,0.73%
31401,1.02%
83642,0.73%
87107,1.05%
02769,1.23%
37419,0.89%
40516,0.98%
02852,1.31%
87043,0.93%
97403,1.04%
17505,1.69%
03823,2.42%
40502,0.98%
83706,0.73%
73103,1.06%
28801,0.69%
29466,0.47%
37405,0.89%
29403,0.47%
04021,1.39%
22903,0.73%
04102,1.39%
83669,0.73%
97408,1.04%
73131,1.06%
97701,0.85%
28405,0.71%
28730,0.69%
04101,1.39%
83703,0.73%
92211,0.95%
04074,1.39%
87048,0.93%
03049,2.23%
03110,2.23%
02818,1.78%
22947,0.73%
87122,1.05%
97702,0.85%
91384,0.72%
28804,0.69%
05482,1.86%
29601,0.69%
03840,2.03%
83714,0.73%
03856,2.03%
29926,0.51%
03885,2.03%
31411,1.02%
04108,1.39%
93510,0.72%
02806,1.61%
02906,1.79%
04017,1.39%
37350,0.89%
28803,0.69%
03801,2.03%
93003,0.73%
29464,0.47%
29492,0.54%
04105,1.39%
04107,1.39%
83616,0.73%
83712,0.73%
83702,0.73%
04109,1.39%
32541,0.70%
73116,1.06%
93012,0.73%
92253,0.95%
03862,2.03%
92260,0.95%
32550,0.53%
29455,0.47%
93022,0.73%
04110,1.39%
93117,0.66%
29439,0.47%
03870,2.03%
92270,0.95%
40025,0.93%
92262,0.95%
93111,0.66%
29928,0.51%
93001,0.73%
92264,0.95%
29451,0.47%
28480,0.71%
93013,0.66%
93101,0.66%
29401,0.47%
93105,0.66%
03871,2.03%
93109,0.66%
92210,0.95%
93110,0.66%
29482,0.47%
93103,0.66%
93067,0.66%
93108,0.66%
78227,1.97%
12884,1.63%
73135,1.06%
29330,0.64%
73139,1.06%
66112,1.83%
66040,1.29%
73160,1.16%
34690,0.90%
73068,1.16%
28766,0.54%
75253,1.93%
34653,0.90%
34668,0.90%
32219,0.94%
33598,0.98%
73099,1.04%
28726,0.60%
33570,0.98%
33573,0.98%
30141,0.92%
12871,1.63%
32738,0.94%
31419,1.02%
75181,1.93%
30122,0.92%
32725,0.94%
73065,0.85%
32218,0.94%
32043,0.85%
73069,1.16%
60050,2.87%
30039,1.19%
73064,1.04%
73071,1.16%
66044,1.37%
32068,0.85%
76207,1.90%
12170,1.63%
76209,1.90%
76201,1.90%
30052,0.87%
37149,0.71%
34769,0.90%
73179,1.06%
85139,0.76%
34746,0.90%
30132,0.92%
32763,0.94%
75126,1.88%
27050,0.98%
12859,1.63%
80623,0.51%
85138,0.76%
60051,2.87%
21017,1.08%
73170,1.16%
29617,0.69%
80631,0.51%
66109,1.83%
64083,1.07%
73078,1.04%
21001,1.08%
80620,0.51%
06063,1.92%
37127,0.71%
37341,0.89%
28792,0.60%
33567,0.98%
34691,0.90%
30017,1.19%
73093,0.85%
37167,0.71%
37128,0.71%
34654,0.90%
37085,0.71%
72756,0.75%
37129,0.71%
12020,1.63%
32713,0.94%
73165,1.16%
73169,1.06%
73026,1.16%
92543,0.95%
73072,1.16%
92583,0.95%
21009,1.08%
37130,0.71%
12863,1.63%
85396,0.61%
28729,0.60%
06472,2.33%
73173,1.16%
80543,0.51%
92545,0.95%
27571,0.88%
64082,1.35%
92544,0.95%
76065,1.67%
12148,1.63%
12831,1.63%
28742,0.60%
72718,0.75%
92582,0.95%
34655,0.90%
32653,1.18%
32820,0.96%
78626,2.01%
72719,0.75%
06057,1.92%
87008,1.05%
32955,0.86%
12833,1.63%
28791,0.60%
28773,0.60%
72758,0.75%
32771,0.88%
37353,0.60%
80645,0.51%
92548,0.95%
34760,0.96%
34120,0.69%
21014,1.08%
37082,0.65%
46034,0.97%
64149,1.35%
30205,0.92%
78163,1.34%
32407,0.69%
33547,0.98%
80534,0.51%
80019,0.63%
72712,0.75%
21084,1.08%
33572,0.98%
92567,0.95%
20764,0.87%
29910,0.51%
32766,0.88%
75182,1.93%
21047,1.08%
21015,1.08%
21028,1.08%
21050,1.08%
28739,0.60%
21154,1.08%
34997,0.94%
85086,0.61%
34652,0.90%
21013,1.17%
07979,2.33%
34114,0.69%
28731,0.60%
12866,1.63%
32408,0.69%
32732,0.88%
28790,0.60%
34990,0.94%
95681,0.92%
29915,0.51%
73007,1.06%
07977,2.20%
85331,0.61%
34994,0.94%
32413,0.69%
34113,0.69%
21723,1.25%
07934,2.20%
85268,0.61%
89439,0.62%
95693,0.81%
85264,0.61%
89161,0.65%
34215,0.86%
85262,0.61%
85377,0.61%
34217,0.86%
34996,0.94%
